ID,LotArea,Neighborhood,OverallQual,YearBuilt,Exterior1st,TotalBsmtSF,CentralAir,GrLivArea,SalePrice
House 101,9937,Edwards,5,1965,Hard Board,1256,Y,1256,147500
House 102,8450,College Creek,7,2003,Vinyl Siding,856,Y,1710,208500
House 103,9600,Veenker,6,1976,Metal Siding,1262,Y,1262,181500
House 104,11250,College Creek,7,2001,Vinyl Siding,920,Y,1786,223500
House 105,9550,Crawford,7,1915,Wood Siding,756,Y,1717,140000
House 106,14260,Northridge,8,2000,Vinyl Siding,1145,Y,2198,250000
House 107,14115,Mitchell,5,1993,Vinyl Siding,796,Y,1362,143000
House 108,10084,Somerset,8,2004,Vinyl Siding,1686,Y,1694,307000
House 109,10382,Northwest Ames,7,1973,Hard Board,1107,Y,2090,200000
House 110,6120,Old Town,7,1931,Brick Face,952,Y,1774,129900
House 111,7420,Brookside,5,1939,Metal Siding,991,Y,1077,118000
House 112,11200,Sawyer,5,1965,Hard Board,1040,Y,1040,129500
House 113,11924,Northridge Heights,9,2005,Wood Shingles,1175,Y,2324,345000
House 114,12968,Sawyer,5,1962,Hard Board,912,Y,912,144000
House 115,10652,College Creek,7,2006,Vinyl Siding,1494,Y,1494,279500
House 116,10920,North Ames,6,1960,Metal Siding,1253,Y,1253,157000
House 117,6120,Brookside,7,1929,Wood Siding,832,Y,854,132000
House 118,11241,North Ames,6,1970,Wood Siding,1004,Y,1004,149000
House 119,10791,Sawyer,4,1967,Metal Siding,0,Y,1296,90000
House 120,13695,Sawyer West,5,2004,Vinyl Siding,1114,Y,1114,159000
House 121,7560,North Ames,5,1958,Brick Face,1029,Y,1339,139000
House 122,14215,Northridge Heights,8,2005,Vinyl Siding,1158,Y,2376,325300
House 123,7449,Iowa DOT and Rail Road,7,1930,Wood Siding,637,Y,1108,139400
House 124,9742,College Creek,8,2002,Vinyl Siding,1777,Y,1795,230000
House 125,4224,Meadow Village,5,1976,Cement Board,1040,Y,1060,129900
House 126,8246,Sawyer,5,1968,Plywood,1060,Y,1060,154000
House 127,14230,Northridge Heights,8,2007,Vinyl Siding,1566,Y,1600,256300
House 128,7200,North Ames,5,1951,Wood Siding,900,Y,900,134800
House 129,11478,Northridge Heights,8,2007,Vinyl Siding,1704,Y,1704,306000
House 130,16321,North Ames,5,1957,Metal Siding,1484,Y,1600,207500
House 131,6324,Brookside,4,1927,Metal Siding,520,N,520,68500
House 132,8500,Iowa DOT and Rail Road,4,1920,Brick Face,649,N,1317,40000
House 133,8544,Sawyer,5,1966,Hard Board,1228,Y,1228,149350
House 134,11049,College Creek,8,2007,Vinyl Siding,1234,Y,1234,179900
House 135,10552,North Ames,5,1959,Brick Face,1398,Y,1700,165500
House 136,7313,Northridge Heights,9,2005,Metal Siding,1561,Y,1561,277500
House 137,13418,Northridge Heights,8,2004,Vinyl Siding,1117,Y,2452,309000
House 138,10859,College Creek,5,1994,Vinyl Siding,1097,Y,1097,145000
House 139,8532,North Ames,5,1954,Wood Siding,1297,Y,1297,153000
House 140,7922,North Ames,5,1953,Vinyl Siding,1057,Y,1057,109000
House 141,6040,Edwards,4,1955,Asbestos Shingles,0,N,1152,82000
House 142,8658,North Ames,6,1965,Wood Siding,1088,Y,1324,160000
House 143,16905,Timberland,5,1959,Vinyl Siding,1350,Y,1328,170000
House 144,9180,Sawyer West,5,1983,Hard Board,840,Y,884,144000
House 145,9200,College Creek,5,1975,Vinyl Siding,938,Y,938,130250
House 146,7945,North Ames,5,1959,Brick Face,1150,Y,1150,141000
House 147,7658,Northridge Heights,9,2005,Metal Siding,1752,Y,1752,319900
House 148,12822,Mitchell,7,2003,Vinyl Siding,1434,Y,2149,239686
House 149,11096,Somerset,8,2006,Vinyl Siding,1656,Y,1656,249700
House 150,4456,Old Town,4,1920,Metal Siding,736,Y,1452,113000
House 151,7742,Sawyer,5,1966,Hard Board,955,Y,955,127000
House 152,13869,Gilbert,6,1997,Vinyl Siding,794,Y,1470,177000
House 153,6240,Brookside,6,1934,Wood Siding,816,Y,1176,114500
House 154,8472,Iowa DOT and Rail Road,5,1963,Wood Siding,816,N,816,110000
House 155,50271,Veenker,9,1981,Wood Shingles,1842,Y,1842,385000
House 156,7134,North Ames,5,1955,Metal Siding,384,Y,1360,130000
House 157,10175,North Ames,6,1964,Hard Board,1425,Y,1425,180500
House 158,2645,Somerset,8,1999,Metal Siding,970,Y,1739,172500
House 159,11645,College Creek,7,2004,Vinyl Siding,860,Y,1720,196500
House 160,13682,Stone Brook,10,2006,Vinyl Siding,1410,Y,2945,438780
House 161,7200,College Creek,5,1972,Hard Board,780,Y,780,124900
House 162,13072,Sawyer West,6,2004,Vinyl Siding,1158,Y,1158,158000
House 163,7200,Iowa DOT and Rail Road,5,1920,Metal Siding,530,N,1111,101000
House 164,6442,Northridge Heights,8,2006,Vinyl Siding,1370,Y,1370,202500
House 165,10300,Old Town,7,1921,Stucco,576,Y,1710,140000
House 166,9375,College Creek,7,1997,Vinyl Siding,1057,Y,2034,219500
House 167,9591,Northridge Heights,8,2004,Vinyl Siding,1143,Y,2473,317000
House 168,19900,North Ames,7,1970,Plywood,1947,Y,2207,180000
House 169,10665,College Creek,7,2003,Vinyl Siding,1453,Y,1479,226000
House 170,4608,Old Town,4,1945,Metal Siding,747,Y,747,80000
House 171,15593,Clear Creek,7,1953,Brick Face,1304,Y,2287,225000
House 172,13651,North Ames,7,1973,Plywood,2223,Y,2223,244000
House 173,7599,Mitchell,4,1982,Hard Board,845,Y,845,129500
House 174,10141,Gilbert,7,1998,Vinyl Siding,832,Y,1718,185000
House 175,10200,North Ames,5,1954,Wood Siding,1086,Y,1086,144900
House 176,5790,Old Town,3,1915,Vinyl Siding,840,N,1605,107400
House 177,1596,Meadow Village,4,1973,Cement Board,462,Y,988,91000
House 178,8475,North Ames,4,1956,Vinyl Siding,952,Y,952,135750
House 179,8635,Brookside,5,1948,Wood Siding,672,Y,1285,127000
House 180,10778,Sawyer,4,1968,Hard Board,1768,N,1768,136500
House 181,10440,Old Town,5,1910,Wood Siding,440,Y,1230,110000
House 182,13000,North Ames,6,1968,Vinyl Siding,896,Y,2142,193500
House 183,4500,Mitchell,6,1998,Vinyl Siding,1237,Y,1337,153500
House 184,10206,Somerset,8,2007,Vinyl Siding,1563,Y,1563,245000
House 185,8892,North Ames,5,1960,Metal Siding,1065,Y,1065,126500
House 186,8530,Gilbert,7,1995,Hard Board,384,Y,1474,168500
House 187,16059,Northridge,8,1991,Hard Board,1288,Y,2417,260000
House 188,11911,Gilbert,6,2005,Vinyl Siding,684,Y,1560,174000
House 189,3951,Somerset,6,2009,Vinyl Siding,612,Y,1224,164500
House 190,8470,Iowa DOT and Rail Road,3,1915,Plywood,1013,N,1526,85000
House 191,8070,College Creek,4,1994,Vinyl Siding,990,Y,990,123600
House 192,7200,North Ames,4,1950,Brick Face,0,Y,1040,109900
House 193,8500,North Ames,5,1961,Hard Board,1235,Y,1235,98600
House 194,13360,Crawford,5,1921,Wood Siding,876,Y,964,163500
House 195,7200,Old Town,6,1910,Metal Siding,1214,N,2291,133900
House 196,9337,College Creek,6,1997,Vinyl Siding,824,Y,1786,204750
House 197,9765,Gilbert,6,1993,Vinyl Siding,680,Y,1470,185000
House 198,10264,College Creek,7,1999,Vinyl Siding,1588,Y,1588,214000
House 199,10921,Edwards,4,1965,Hard Board,960,Y,960,94750
House 200,10625,Edwards,5,1920,Wood Siding,458,N,835,83000
House 201,9320,North Ames,4,1959,Plywood,950,Y,1225,128950
House 202,10603,Northwest Ames,6,1977,Plywood,1610,Y,1610,205000
House 203,9206,Sawyer West,6,1985,Hard Board,741,Y,1732,178000
House 204,7018,Sawyer West,5,1979,Hard Board,0,Y,1535,118964
House 205,10402,College Creek,7,2009,Vinyl Siding,1226,Y,1226,198900
House 206,7758,Iowa DOT and Rail Road,7,1931,Stucco,1040,Y,1818,169500
House 207,9375,Somerset,8,2003,Vinyl Siding,1053,Y,1992,250000
House 208,10800,Old Town,4,1885,Vinyl Siding,641,Y,1047,100000
House 209,6000,Old Town,5,1948,Vinyl Siding,789,Y,789,115000
House 210,8500,Iowa DOT and Rail Road,5,1919,Cement Board,793,N,1517,115000
House 211,11751,Northwest Ames,6,1977,Plywood,1844,Y,1844,190000
House 212,9525,Edwards,6,1954,Wood Siding,994,Y,1855,136900
House 213,7750,Gilbert,7,2000,Vinyl Siding,384,Y,1430,180000
House 214,9965,College Creek,7,2007,Vinyl Siding,1264,Y,2696,383970
House 215,21000,Crawford,6,1953,Wood Siding,1809,Y,2259,217000
House 216,7259,Crawford,6,1945,Wood Siding,1028,Y,2320,259500
House 217,3230,Somerset,6,1999,Metal Siding,729,Y,1458,176000
House 218,11616,Sawyer,5,1962,Wood Siding,1092,Y,1092,139000
House 219,8536,Edwards,5,2006,Vinyl Siding,1125,Y,1125,155000
House 220,12376,Sawyer West,7,1990,Plywood,1673,Y,3222,320000
House 221,8461,College Creek,6,2005,Vinyl Siding,728,Y,1456,163990
House 222,21453,Clear Creek,6,1969,Plywood,938,Y,988,180000
House 223,6060,Iowa DOT and Rail Road,4,1939,Asbestos Shingles,732,Y,1123,100000
House 224,9464,North Ames,6,1958,Metal Siding,1080,Y,1080,136000
House 225,7892,Sawyer West,6,1993,Plywood,1199,Y,1199,153900
House 226,17043,Northwest Ames,6,1979,Hard Board,1362,Y,1586,181000
House 227,6780,Iowa DOT and Rail Road,6,1935,Wood Siding,520,N,754,84500
House 228,4928,Northpark Villa,6,1976,Plywood,1078,Y,958,128000
House 229,4388,Old Town,5,1930,Wood Shingles,672,Y,840,87000
House 230,7590,North Ames,6,1966,Vinyl Siding,660,Y,1348,155000
House 231,8973,North Ames,5,1958,Plywood,1008,Y,1053,150000
House 232,14200,North Ames,7,1966,Metal Siding,924,Y,2157,226000
House 233,12224,Gilbert,6,2000,Vinyl Siding,992,Y,2054,244000
House 234,7388,North Ames,5,1959,Metal Siding,1063,Y,1327,150750
House 235,6853,Timberland,8,2001,Vinyl Siding,1267,Y,1296,220000
House 236,10335,Sawyer,5,1968,Plywood,1461,Y,1721,180000
House 237,10400,Northwest Ames,7,1970,Plywood,1304,Y,1682,174000
House 238,10355,North Ames,5,1967,Metal Siding,1214,Y,1214,143000
House 239,11070,Mitchell,7,1988,Vinyl Siding,1907,Y,1959,171000
House 240,9066,College Creek,8,1999,Vinyl Siding,1004,Y,1852,230000
House 241,15426,College Creek,6,1997,Vinyl Siding,928,Y,1764,231500
House 242,10500,North Ames,4,1971,Hard Board,864,Y,864,115000
House 243,11645,College Creek,7,2005,Vinyl Siding,1734,Y,1734,260000
House 244,8520,North Ames,5,1952,Brick Face,910,Y,1385,166000
House 245,10335,College Creek,7,1999,Vinyl Siding,1490,Y,1501,204000
House 246,9100,Sawyer,5,1963,Hard Board,1728,Y,1728,125000
House 247,2522,Edwards,6,2004,Vinyl Siding,970,Y,1709,130000
House 248,6120,Brookside,5,1931,Wood Siding,715,Y,875,105000
House 249,9505,Gilbert,7,2001,Vinyl Siding,884,Y,2035,222500
House 250,7500,Sawyer West,7,2004,Vinyl Siding,1080,Y,1080,141000
House 251,6240,Brookside,5,1936,Metal Siding,896,Y,1344,115000
House 252,10356,College Creek,5,1975,Hard Board,969,Y,969,122000
House 253,13891,Northridge Heights,8,2007,Vinyl Siding,1710,Y,1710,372402
House 254,14803,Northwest Ames,6,1971,Hard Board,825,Y,1993,190000
House 255,13500,Clear Creek,6,1960,Brick Face,1602,Y,1252,235000
House 256,11340,Old Town,6,1923,Wood Siding,1200,Y,1200,125000
House 257,9600,Edwards,6,1924,Wood Siding,572,N,1096,79000
House 258,7200,North Ames,5,1950,Wood Siding,0,Y,1040,109500
House 259,12003,Timberland,8,2009,Vinyl Siding,774,Y,1968,269500
House 260,12552,Somerset,7,2004,Vinyl Siding,991,Y,1947,254900
House 261,19378,Gilbert,7,2005,Vinyl Siding,1392,Y,2462,320000
House 262,11120,Veenker,6,1984,Plywood,1232,Y,1232,162500
House 263,13688,Northridge Heights,9,2003,Vinyl Siding,1572,Y,2668,412500
House 264,12182,Northridge Heights,7,2005,Vinyl Siding,1541,Y,1541,220000
House 265,5500,Old Town,4,1956,Metal Siding,882,Y,882,103200
House 266,5400,Old Town,6,1926,Metal Siding,1149,Y,1616,152000
House 267,10106,Edwards,5,1940,Wood Siding,644,Y,1355,127500
House 268,10708,Clear Creek,5,1955,Wood Siding,1617,Y,1867,190000
House 269,10562,Northridge Heights,8,2007,Vinyl Siding,1582,Y,2161,325624
House 270,8244,Gilbert,7,2004,Vinyl Siding,840,Y,1720,183500
House 271,16669,Timberland,8,1981,Plywood,1686,Y,1707,228000
House 272,12358,Old Town,5,1941,Metal Siding,720,Y,1382,128500
House 273,31770,North Ames,6,1960,Brick Face,1080,Y,1656,215000
House 274,5306,Stone Brook,7,1987,Hard Board,1064,Y,1767,239000
House 275,10197,North Ames,6,1961,Wood Shingles,1362,Y,1362,163000
House 276,12416,Timberland,6,1986,Vinyl Siding,1606,Y,1651,184000
House 277,12615,Edwards,6,1950,Wood Shingles,1202,Y,2158,243000
House 278,10029,Clear Creek,6,1988,Plywood,1151,Y,2060,211000
House 279,13650,Sawyer,5,1958,Metal Siding,1052,Y,1920,172500
House 280,17423,Stone Brook,9,2008,Vinyl Siding,2216,Y,2234,501837
House 281,8520,Old Town,5,1923,Wood Siding,968,Y,968,100000
House 282,2117,Somerset,6,2000,Metal Siding,756,Y,1525,177000
House 283,7588,Crawford,7,1920,Stucco,793,Y,1802,200100
House 284,9060,Edwards,5,1957,Wood Siding,0,Y,1340,120000
House 285,11426,Old Town,7,2003,Vinyl Siding,1362,Y,2082,200000
House 286,7438,Brookside,5,1908,Asbestos Shingles,504,Y,1252,127000
House 287,22950,Old Town,10,1892,Wood Siding,1107,Y,3608,475000
House 288,9947,Mitchell,7,1990,Hard Board,1188,Y,1217,173000
House 289,10410,Old Town,5,1916,Hard Board,660,Y,1656,135000
House 290,7018,Sawyer West,5,1979,Plywood,1086,Y,1224,153337
House 291,4923,Stone Brook,8,2001,Cement Board,1593,Y,1593,286000
House 292,10570,Crawford,8,1932,Brick Face,853,Y,2727,315000
House 293,7472,North Ames,7,1972,Hard Board,725,Y,1479,184000
House 294,9017,College Creek,7,1999,Vinyl Siding,1431,Y,1431,192000
House 295,2522,Edwards,7,2004,Vinyl Siding,970,Y,1709,130000
House 296,7180,College Creek,5,1972,Hard Board,864,Y,864,127000
House 297,2280,Northpark Villa,6,1976,Plywood,855,Y,1456,148500
House 298,9416,Somerset,7,2007,Cement Board,1726,Y,1726,311872
House 299,25419,North Ames,8,1918,Stucco,1360,Y,3112,235000
House 300,5520,Old Town,6,1912,Wood Siding,755,Y,2229,104000
House 301,9591,Northridge Heights,8,2004,Vinyl Siding,1713,Y,1713,274900
House 302,8546,Edwards,4,2003,Vinyl Siding,1121,Y,1121,140000
House 303,10125,Mitchell,6,1977,Plywood,1196,Y,1279,171500
House 304,7000,Old Town,6,1924,Metal Siding,617,Y,1310,112000
House 305,4438,College Creek,6,2004,Vinyl Siding,848,Y,848,149000
House 306,3500,Old Town,5,1947,Asbestos Shingles,720,Y,1284,110000
House 307,11851,Gilbert,7,1990,Hard Board,1424,Y,1442,180500
House 308,13673,Sawyer,5,1962,Hard Board,1140,Y,1696,143900
House 309,12493,North Ames,4,1960,Wood Siding,1100,Y,1100,141000
House 310,14364,Sawyer West,7,1988,Plywood,1157,Y,2062,277000
House 311,8250,North Ames,6,1964,Hard Board,1092,Y,1092,145000
House 312,5604,Edwards,5,1925,Stucco,864,N,864,98000
House 313,10420,Edwards,6,2009,Vinyl Siding,1212,Y,1212,186000
House 314,8640,Somerset,7,2009,Vinyl Siding,900,Y,1852,252678
House 315,13568,College Creek,5,1995,Vinyl Siding,990,Y,990,156000
House 316,10900,College Creek,6,1977,Hard Board,689,Y,1392,161750
House 317,10011,North Ames,5,1957,Hard Board,1070,Y,1236,134450
House 318,8450,College Creek,7,2004,Vinyl Siding,1436,Y,1436,210000
House 319,9906,Old Town,4,1925,Metal Siding,686,N,1328,107000
House 320,15660,Crawford,7,1939,Vinyl Siding,798,Y,1954,311500
House 321,3010,Bloomington Heights,7,2005,Vinyl Siding,1248,Y,1248,167240
House 322,8990,College Creek,7,2006,Vinyl Siding,1498,Y,1498,204900
House 323,8068,Gilbert,6,2002,Vinyl Siding,1010,Y,2267,200000
House 324,11475,Northwest Ames,6,1975,Vinyl Siding,713,Y,1552,179900
House 325,10500,North Ames,4,1971,Hard Board,864,Y,864,97000
House 326,13472,Northridge Heights,10,2003,Vinyl Siding,2392,Y,2392,386250
House 327,1680,Briardale,5,1971,Hard Board,630,Y,1302,112000
House 328,9950,Northridge,7,1995,Vinyl Siding,1203,Y,2520,290000
House 329,1869,Briardale,6,1970,Hard Board,483,Y,987,106000
House 330,8521,Sawyer,5,1967,Hard Board,912,Y,912,125000
House 331,3182,Bloomington Heights,7,2005,Vinyl Siding,1373,Y,1555,192500
House 332,8760,North Ames,6,1959,Metal Siding,1194,Y,1194,148000
House 333,15138,Northridge,8,1995,Vinyl Siding,1462,Y,2794,403000
House 334,1680,Briardale,6,1972,Hard Board,483,Y,987,94500
House 335,10650,College Creek,5,1976,Hard Board,894,Y,894,128200
House 336,7851,Gilbert,6,2002,Vinyl Siding,860,Y,1960,216500
House 337,1680,Briardale,6,1971,Hard Board,483,Y,987,89500
House 338,8773,College Creek,7,2004,Vinyl Siding,1414,Y,1414,185500
House 339,9453,Sawyer West,7,1993,Hard Board,996,Y,1744,194500
House 340,12030,Northridge Heights,8,2007,Vinyl Siding,1694,Y,1694,318000
House 341,8741,Edwards,6,1945,Vinyl Siding,735,Y,1487,113000
House 342,9000,Somerset,8,2008,Vinyl Siding,1566,Y,1566,262500
House 343,3880,Old Town,5,1945,Vinyl Siding,686,Y,866,110500
House 344,5000,Old Town,5,1900,Wood Siding,540,N,1440,79000
House 345,10762,Sawyer West,6,1980,Plywood,626,Y,1217,120000
House 346,8880,Sawyer West,7,1994,Vinyl Siding,948,Y,2110,205000
House 347,10400,Northwest Ames,7,1988,Wood Siding,1845,Y,1872,241500
House 348,9142,Old Town,6,1910,Asbestos Shingles,1020,N,1928,137000
House 349,11310,North Ames,6,1954,Wood Siding,1367,Y,1375,140000
House 350,11317,College Creek,7,2003,Vinyl Siding,840,Y,1668,180000
House 351,159000,Clear Creek,6,1958,Wood Siding,1444,Y,2144,277000
House 352,5350,Brookside,3,1940,Wood Siding,728,Y,1306,76500
House 353,4750,Crawford,8,2006,Vinyl Siding,1573,Y,1625,235000
House 354,8366,Sawyer West,6,2004,Vinyl Siding,798,Y,1640,173000
House 355,9350,North Ames,6,1964,Hard Board,1302,Y,1302,158000
House 356,8400,North Ames,5,1957,Metal Siding,1314,Y,1314,145000
House 357,8738,Gilbert,7,1999,Vinyl Siding,975,Y,2291,230000
House 358,8791,Somerset,6,2003,Vinyl Siding,864,Y,1728,207500
House 359,8814,College Creek,7,2006,Vinyl Siding,1604,Y,1604,220000
House 360,12435,College Creek,7,2001,Vinyl Siding,963,Y,1792,231500
House 361,12702,Old Town,5,1956,Brick Face,0,Y,882,97000
House 362,19296,North Ames,6,1962,Wood Siding,1362,Y,1382,176000
House 363,9588,College Creek,8,2007,Cement Board,1482,Y,2574,276000
House 364,8471,Sawyer,6,1977,Hard Board,506,Y,1212,151000
House 365,5500,Old Town,5,1929,Wood Siding,926,Y,1316,130000
House 366,5232,Old Town,5,1925,Wood Siding,680,N,764,73000
House 367,12090,Northwest Ames,6,1981,Metal Siding,1422,Y,1422,175500
House 368,11207,Gilbert,6,1997,Vinyl Siding,802,Y,1511,185000
House 369,8400,South & West of Iowa State University,5,1939,Wood Siding,720,Y,2192,179500
House 370,6900,Iowa DOT and Rail Road,5,1940,Vinyl Siding,740,Y,778,120500
House 371,7917,Edwards,6,1976,Hard Board,1143,Y,1113,148000
House 372,10728,Somerset,8,2006,Vinyl Siding,1095,Y,1939,266000
House 373,39104,Clear Creek,7,1954,Plywood,1385,Y,1363,241500
House 374,11764,Northridge,8,1999,Vinyl Siding,1152,Y,2270,290000
House 375,9600,North Ames,6,1958,Wood Siding,1240,Y,1632,139000
House 376,8314,Mitchell,5,1982,Hard Board,816,Y,816,124500
House 377,7264,Brookside,7,1925,Wood Siding,952,N,1548,205000
House 378,9196,Mitchell,7,2003,Vinyl Siding,1560,Y,1560,201000
House 379,19138,Gilbert,4,1951,Vinyl Siding,864,Y,864,141000
House 380,14450,Northridge Heights,9,2006,Cement Board,2121,Y,2121,415298
House 381,10005,Clear Creek,7,1977,Plywood,1160,Y,2022,192000
House 382,11287,Sawyer West,7,1989,Plywood,807,Y,1982,228500
House 383,7200,Somerset,6,2006,Vinyl Siding,1262,Y,1262,185000
House 384,5063,Northridge Heights,7,2007,Vinyl Siding,1314,Y,1314,207500
House 385,9612,Somerset,8,2008,Vinyl Siding,1468,Y,1468,244600
House 386,8012,Sawyer West,6,1992,Plywood,1575,Y,1575,179200
House 387,4251,Somerset,7,2006,Metal Siding,625,Y,1250,164700
House 388,9786,North Ames,6,1962,Wood Siding,912,Y,1734,159000
House 389,8125,North Ames,4,1971,Hard Board,858,Y,858,88000
House 390,9819,Sawyer,5,1967,Metal Siding,882,Y,900,122000
House 391,8730,Brookside,6,1915,Wood Siding,698,Y,1396,153575
House 392,15611,College Creek,8,2006,Vinyl Siding,1079,Y,1919,233230
House 393,5687,South & West of Iowa State University,5,1912,Vinyl Siding,780,N,1716,135900
House 394,11409,Edwards,5,1949,Wood Siding,768,Y,1716,131000
House 395,16659,Northwest Ames,7,1977,Plywood,795,Y,2263,235000
House 396,9600,North Ames,6,1953,Hard Board,1416,Y,1644,167000
House 397,7937,Mitchell,6,1984,Hard Board,1003,Y,1003,142500
House 398,13710,Iowa DOT and Rail Road,5,1950,Wood Siding,910,Y,1558,152000
House 399,7399,Somerset,7,1997,Vinyl Siding,975,Y,1950,239000
House 400,11700,Northwest Ames,6,1968,Hard Board,702,Y,1743,175000
House 401,14000,Crawford,6,1950,Hard Board,1092,Y,1152,158500
House 402,15750,Crawford,5,1953,Metal Siding,1165,Y,1336,157000
House 403,16226,College Creek,8,1998,Vinyl Siding,1028,Y,2452,267000
House 404,13704,College Creek,7,2001,Vinyl Siding,1541,Y,1541,205000
House 405,9800,College Creek,5,1972,Vinyl Siding,894,Y,894,149900
House 406,18386,Old Town,7,1880,Cement Board,1470,Y,3493,295000
House 407,10386,College Creek,8,2004,Cement Board,2000,Y,2000,305900
House 408,13474,Sawyer West,7,1990,Hard Board,700,Y,2243,225000
House 409,7920,Iowa DOT and Rail Road,6,1920,Metal Siding,319,Y,1406,89500
House 410,12342,Edwards,4,1940,Vinyl Siding,861,Y,861,82500
House 411,12378,Northridge Heights,9,2003,Vinyl Siding,1896,Y,1944,360000
House 412,7685,Gilbert,6,1993,Hard Board,697,Y,1501,165600
House 413,8000,North Ames,6,1948,Vinyl Siding,972,Y,972,132000
House 414,7800,Old Town,5,1939,Metal Siding,793,Y,1118,119900
House 415,215245,Timberland,7,1965,Brick Face,2136,Y,2036,375000
House 416,9600,Old Town,7,1925,Wood Siding,728,Y,1641,178000
House 417,7795,Gilbert,7,2004,Vinyl Siding,716,Y,1432,188500
House 418,13005,Northwest Ames,7,1980,Cement Board,845,Y,2353,260000
House 419,9000,Somerset,8,2006,Vinyl Siding,1088,Y,1959,270000
House 420,9900,Northridge,7,1993,Hard Board,1347,Y,2646,260000
House 421,14115,Northwest Ames,7,1980,Plywood,1372,Y,1472,187500
House 422,16259,Northridge Heights,9,2006,Vinyl Siding,1249,Y,2596,342643
House 423,12099,Northridge Heights,8,2004,Vinyl Siding,1136,Y,2468,354000
House 424,10380,Sawyer West,7,1986,Plywood,1502,Y,2730,301000
House 425,5820,Old Town,3,1955,Vinyl Siding,1162,Y,1163,126175
House 426,11275,North Ames,7,1967,Wood Siding,710,Y,2978,242000
House 427,5000,Iowa DOT and Rail Road,5,1941,Metal Siding,720,N,803,87000
House 428,10846,Veenker,8,1993,Brick Face,1719,Y,1719,324000
House 429,11600,North Ames,6,1960,Wood Siding,1383,Y,1383,145250
House 430,11888,Brookside,6,1916,Wood Siding,844,N,2134,214500
House 431,6402,Iowa DOT and Rail Road,5,1920,Wood Siding,596,N,1192,78000
House 432,10624,North Ames,5,1964,Hard Board,1728,Y,1728,119000
House 433,8176,North Ames,5,1958,Wood Siding,1056,Y,1056,139000
House 434,10655,Northridge Heights,8,2003,Vinyl Siding,3206,Y,1629,284000
House 435,8198,Northridge Heights,7,2004,Vinyl Siding,1358,Y,1358,207000
House 436,9042,Gilbert,6,1998,Vinyl Siding,943,Y,1638,192000
House 437,164660,Timberland,5,1965,Plywood,1499,Y,1786,228950
House 438,14157,Stone Brook,9,2005,Vinyl Siding,1922,Y,1922,377426
House 439,9135,College Creek,7,2002,Vinyl Siding,1536,Y,1536,214000
House 440,14145,Northwest Ames,7,1984,Wood Siding,1208,Y,1621,202500
House 441,12400,North Ames,6,1958,Wood Siding,1215,Y,1215,155000
House 442,14191,Timberland,8,2002,Vinyl Siding,967,Y,1908,202900
House 443,8400,Sawyer West,4,1950,Wood Siding,721,Y,841,82000
House 444,8544,North Ames,3,1949,Stucco,0,N,1040,87500
House 445,8849,Northridge Heights,9,2005,Metal Siding,1684,Y,1684,266000
House 446,2592,Meadow Village,5,1976,Cement Board,536,Y,1112,85000
House 447,6435,Brookside,6,1939,Metal Siding,972,Y,1577,140200
House 448,12772,North Ames,6,1960,Metal Siding,958,Y,958,151500
House 449,17600,North Ames,6,1960,Wood Siding,1478,Y,1478,157500
House 450,2448,Northridge Heights,7,2003,Vinyl Siding,764,Y,1626,154000
House 451,20431,Northridge Heights,9,2005,Cement Board,1848,Y,2728,437154
House 452,7820,Northridge Heights,9,2007,Metal Siding,1869,Y,1869,318061
House 453,5271,Clear Creek,7,1986,Wood Siding,1453,Y,1453,190000
House 454,9084,Edwards,5,1941,Vinyl Siding,616,N,1111,95000
House 455,8520,Old Town,6,1928,Vinyl Siding,624,Y,720,105900
House 456,8400,South & West of Iowa State University,6,1940,Wood Siding,940,Y,1595,140000
House 457,11249,College Creek,6,1995,Vinyl Siding,1200,Y,1200,177500
House 458,9248,Gilbert,6,1992,Hard Board,1158,Y,1167,173000
House 459,4224,Meadow Village,5,1976,Cement Board,1142,Y,1142,134000
House 460,6930,Clear Creek,5,1958,Wood Siding,1062,Y,1352,130000
House 461,12011,Northridge,8,1998,Vinyl Siding,1086,Y,1924,280000
House 462,7540,Mitchell,6,1978,Vinyl Siding,888,Y,912,156000
House 463,9144,Brookside,5,1940,Metal Siding,883,Y,1505,145000
House 464,7301,Edwards,7,2003,Hard Board,0,Y,1922,198500
House 465,1680,Briardale,6,1972,Hard Board,483,Y,987,118000
House 466,18800,Northwest Ames,6,1976,Hard Board,796,Y,1574,190000
House 467,10690,Iowa DOT and Rail Road,5,1920,Vinyl Siding,672,Y,1344,147000
House 468,9500,North Ames,6,1963,Plywood,1394,Y,1394,159000
House 469,9150,North Ames,6,1962,Plywood,1099,Y,1431,165000
House 470,7800,North Ames,5,1954,Hard Board,1268,Y,1268,132000
House 471,9830,North Ames,5,1959,Wood Siding,1063,Y,1287,162000
House 472,8121,Gilbert,6,2000,Vinyl Siding,953,Y,1664,172400
House 473,17120,Clear Creek,4,1959,Wood Shingles,0,Y,1588,134432
House 474,7175,Sawyer West,6,1984,Plywood,744,Y,752,125000
House 475,10634,North Ames,5,1953,Metal Siding,608,Y,1319,123000
House 476,8200,College Creek,7,2003,Vinyl Siding,847,Y,1928,219500
House 477,10020,Edwards,1,1922,Wood Siding,683,N,904,61000
House 478,8846,College Creek,5,1996,Vinyl Siding,870,Y,914,148000
House 479,11143,Somerset,8,2004,Cement Board,1580,Y,2466,340000
House 480,11394,Stone Brook,9,2010,Vinyl Siding,1856,Y,1856,394432
House 481,8123,Gilbert,6,2000,Vinyl Siding,982,Y,1800,179000
House 482,5000,South & West of Iowa State University,5,1924,Brick Face,1026,Y,1691,127000
House 483,7200,Somerset,7,2006,Vinyl Siding,1293,Y,1301,187750
House 484,9245,College Creek,7,2006,Vinyl Siding,939,Y,1797,213500
House 485,9000,Sawyer West,6,1928,Wood Siding,784,N,784,76000
House 486,53107,Clear Creek,6,1992,Hard Board,1580,Y,1953,240000
House 487,3182,Bloomington Heights,8,2004,Vinyl Siding,1256,Y,1269,192000
House 488,8410,Edwards,5,1910,Wood Siding,658,Y,1184,81000
House 489,7200,Edwards,6,1976,Metal Siding,1041,Y,1125,125000
House 490,9382,College Creek,7,1999,Vinyl Siding,1468,Y,1479,191000
House 491,12474,Northridge Heights,10,2007,Vinyl Siding,1682,Y,2332,426000
House 492,8405,Edwards,5,1900,Metal Siding,861,Y,1367,119000
House 493,12209,Mitchell,6,2001,Vinyl Siding,804,Y,1961,215000
House 494,8339,North Ames,5,1959,Metal Siding,0,Y,882,106500
House 495,7446,Brookside,4,1941,Wood Shingles,788,Y,788,100000
House 496,10134,Old Town,5,1940,Metal Siding,735,Y,1034,109000
House 497,9571,Edwards,5,1956,Wood Siding,1144,Y,1144,129000
House 498,7200,College Creek,5,1972,Metal Siding,894,Y,894,123000
House 499,7590,North Ames,5,1962,Vinyl Siding,864,Y,1812,169500
House 500,8967,Iowa DOT and Rail Road,5,1920,Metal Siding,961,Y,1077,67000
House 501,8125,Somerset,7,2006,Cement Board,1092,Y,1550,241000
House 502,14963,Veenker,8,1996,Brick Face,1260,Y,1288,245500
House 503,8767,College Creek,7,2005,Vinyl Siding,1310,Y,1310,164990
House 504,10200,Sawyer,5,1940,Wood Siding,672,Y,672,108000
House 505,12090,Northridge,8,1998,Vinyl Siding,1141,Y,2263,258000
House 506,10364,Gilbert,6,1995,Metal Siding,806,Y,1572,168000
House 507,9991,Sawyer,4,1976,Plywood,1281,Y,1620,150000
House 508,10480,South & West of Iowa State University,6,1936,Metal Siding,1064,Y,1639,115000
House 509,15576,Crawford,6,1915,Wood Siding,840,Y,1680,177000
House 510,14154,Northridge Heights,7,2006,Vinyl Siding,1063,Y,2172,280000
House 511,10800,Somerset,8,2007,Vinyl Siding,1034,Y,2078,339750
House 512,9571,Edwards,5,1958,Brick,1276,Y,1276,60000
House 513,34650,Gilbert,5,1955,Wood Siding,1056,N,1056,145000
House 514,4403,Somerset,7,2009,Metal Siding,1470,Y,1478,222000
House 515,8960,Old Town,5,1927,Wood Shingles,1008,Y,1028,115000
House 516,11228,Sawyer West,7,1993,Vinyl Siding,1080,Y,2097,228000
House 517,8899,Gilbert,7,2007,Vinyl Siding,1340,Y,1340,181134
House 518,7844,Sawyer,6,1978,Hard Board,672,Y,1400,149500
House 519,22420,Crawford,6,1918,Wood Siding,1370,N,2624,239000
House 520,8160,Edwards,5,1940,Metal Siding,756,N,1134,126000
House 521,8450,North Ames,5,1968,Vinyl Siding,1056,Y,1056,142000
House 522,7060,Mitchell,7,1997,Vinyl Siding,1344,Y,1344,206300
House 523,16635,Northwest Ames,6,1977,Cement Board,1602,Y,1602,215000
House 524,21750,Mitchell,5,1954,Hard Board,988,Y,988,113000
House 525,9200,Northridge,8,1998,Vinyl Siding,1470,Y,2630,315000
House 526,9000,North Ames,6,1956,Wood Siding,1196,Y,1196,139000
House 527,3378,Old Town,7,1946,Hard Board,651,Y,1389,135000
House 528,12800,Sawyer West,7,1989,Wood Siding,1518,Y,1644,275000
House 529,8593,North Ames,4,1957,Metal Siding,907,Y,907,109008
House 530,6762,College Creek,7,2007,Vinyl Siding,1208,Y,1208,195400
House 531,11457,Timberland,6,1988,Hard Board,1392,Y,1412,175000
House 532,1680,Briardale,6,1971,Hard Board,483,Y,987,85400
House 533,5586,Old Town,6,1920,Metal Siding,901,Y,1198,79900
House 534,1920,Briardale,5,1971,Hard Board,765,Y,1365,122500
House 535,10839,Gilbert,6,1997,Vinyl Siding,926,Y,1604,181000
House 536,1890,Meadow Village,4,1972,Cement Board,630,Y,630,81000
House 537,10667,College Creek,7,1996,Vinyl Siding,799,Y,1661,212000
House 538,4400,Old Town,6,1920,Stucco,648,Y,1118,116000
House 539,6000,Brookside,6,1926,Wood Siding,884,Y,904,119000
House 540,4280,Crawford,5,1913,Wood Shingles,440,N,694,90350
House 541,12354,Edwards,6,1920,Wood Siding,684,Y,1196,110000
House 542,15431,Northridge Heights,10,2008,Vinyl Siding,3094,Y,2402,555000
House 543,12108,Edwards,4,1955,Vinyl Siding,1440,N,1440,118000
House 544,6240,Brookside,5,1930,Metal Siding,1078,Y,1573,162900
House 545,3922,Bloomington Heights,7,2006,Wood Shingles,1258,Y,1258,172500
House 546,8750,College Creek,7,1994,Vinyl Siding,915,Y,1908,210000
House 547,9855,Edwards,6,1956,Wood Siding,1436,Y,1689,127500
House 548,16492,North Ames,6,1966,Brick Face,1517,Y,1888,190000
House 549,11214,Gilbert,7,1998,Vinyl Siding,930,Y,1886,199900
House 550,8600,Iowa DOT and Rail Road,6,1937,Metal Siding,780,Y,1376,119500
House 551,6000,Old Town,3,1948,Metal Siding,649,Y,1183,120000
House 552,5684,Old Town,6,1930,Wood Siding,813,Y,813,110000
House 553,70761,Clear Creek,7,1975,Plywood,1533,Y,1533,280000
House 554,9303,Timberland,6,1996,Vinyl Siding,872,Y,1756,204000
House 555,9000,Somerset,8,2008,Vinyl Siding,768,Y,1590,210000
House 556,9297,Mitchell,5,1976,Plywood,1728,Y,1728,188000
House 557,9600,Northwest Ames,7,1973,Hard Board,1242,Y,1242,175500
House 558,4571,Old Town,5,1916,Asbestos Shingles,624,N,1344,98000
House 559,53227,Clear Creek,4,1954,Plywood,1364,Y,1663,256000
House 560,5100,Old Town,8,1925,Stucco,588,Y,1666,161000
House 561,7015,Brookside,5,1950,Metal Siding,709,Y,1203,110000
House 562,8004,Somerset,8,2009,Vinyl Siding,832,Y,1935,263435
House 563,7200,South & West of Iowa State University,7,1936,Wood Siding,560,Y,1135,155000
House 564,8281,Sawyer,5,1965,Metal Siding,864,Y,864,62383
House 565,11988,Crawford,6,1934,Stucco,715,Y,1660,188700
House 566,8430,College Creek,5,1978,Hard Board,1040,Y,1040,124000
House 567,3072,Bloomington Heights,7,2004,Vinyl Siding,1375,Y,1414,178740
House 568,10628,North Ames,7,1970,Plywood,1277,Y,1277,167000
House 569,9480,North Ames,5,1942,Metal Siding,728,Y,1644,146500
House 570,11428,Northridge Heights,8,2006,Vinyl Siding,1626,Y,1634,250000
House 571,9291,Sawyer West,6,1993,Hard Board,832,Y,1710,187000
House 572,6820,Stone Brook,8,1985,Hard Board,1488,Y,1502,212000
House 573,11952,Northwest Ames,7,1977,Wood Shingles,808,Y,1969,190000
House 574,3675,Edwards,6,2005,Vinyl Siding,547,Y,1072,148000
House 575,14977,Northridge Heights,8,2006,Vinyl Siding,1976,Y,1976,440000
House 576,5330,Stone Brook,8,2000,Cement Board,1494,Y,1652,251000
House 577,8480,Sawyer,5,1963,Hard Board,970,Y,970,132500
House 578,13125,College Creek,6,1997,Vinyl Siding,1478,Y,1493,208900
House 579,13693,Northridge Heights,9,2006,Vinyl Siding,2153,Y,2643,380000
House 580,10637,College Creek,8,2007,Vinyl Siding,1705,Y,1718,297000
House 581,5925,Old Town,4,1937,Stucco,907,Y,1131,89471
House 582,16033,Northridge Heights,9,2004,Vinyl Siding,1833,Y,1850,326000
House 583,11846,Northridge Heights,9,2003,Vinyl Siding,1792,Y,1792,374000
House 584,2500,Old Town,7,1915,Stucco,910,Y,1826,155000
House 585,4500,Mitchell,6,1998,Vinyl Siding,1216,Y,1216,164000
House 586,7758,Sawyer,5,1962,Hard Board,999,Y,999,132500
House 587,9600,North Ames,5,1950,Metal Siding,1113,Y,1113,147000
House 588,10289,North Ames,5,1965,Metal Siding,1073,Y,1073,156000
House 589,12243,Northwest Ames,5,1971,Plywood,1484,Y,1484,175000
House 590,10800,Old Town,5,1900,Wood Siding,954,N,2414,160000
House 591,1526,Meadow Village,4,1970,Cement Board,630,Y,630,86000
House 592,2665,Meadow Village,5,1976,Cement Board,264,Y,1304,115000
House 593,9490,North Ames,6,1941,Wood Siding,806,Y,1578,133000
House 594,15578,Gilbert,6,2006,Vinyl Siding,728,Y,1456,172785
House 595,7931,North Ames,5,1960,Brick Face,1269,Y,1269,155000
House 596,5784,Old Town,5,1938,Metal Siding,190,Y,886,91300
House 597,7879,Iowa DOT and Rail Road,4,1920,Wood Siding,720,N,720,34900
House 598,12692,Northridge,8,1992,Brick Face,3200,Y,3228,430000
House 599,9120,Brookside,7,1925,Wood Siding,1026,Y,1820,184000
House 600,7800,Sawyer,5,1967,Hard Board,864,Y,899,130000
House 601,7535,North Ames,5,1958,Metal Siding,912,Y,912,120000
House 602,1890,Briardale,6,1973,Hard Board,672,Y,1218,113000
House 603,9803,Somerset,7,2005,Vinyl Siding,866,Y,1768,226700
House 604,9170,Edwards,5,1965,Metal Siding,1214,Y,1214,140000
House 605,15602,Crawford,7,1959,Brick Face,1501,Y,1801,289000
House 606,2308,Northpark Villa,6,1974,Plywood,855,Y,1322,147000
House 607,7596,Old Town,5,1952,Wood Siding,960,Y,1960,124500
House 608,9554,Sawyer West,8,1993,Vinyl Siding,777,Y,1911,215000
House 609,7862,Somerset,6,2009,Vinyl Siding,1218,Y,1218,208300
House 610,9600,Old Town,7,1928,Metal Siding,689,Y,1378,161000
House 611,9600,North Ames,5,1959,Metal Siding,1041,Y,1041,124500
House 612,14559,North Ames,5,1951,Wood Siding,1008,Y,1363,164900
House 613,6792,Northridge Heights,7,2005,Vinyl Siding,1368,Y,1368,202665
House 614,9100,North Ames,5,1958,Vinyl Siding,864,Y,864,129900
House 615,9187,Mitchell,6,1983,Vinyl Siding,1084,Y,1080,134000
House 616,10594,Crawford,5,1926,Wood Siding,768,N,789,96500
House 617,12220,Northridge Heights,10,2009,Cement Board,2006,Y,2020,402861
House 618,10448,Northwest Ames,6,1972,Hard Board,689,Y,2119,158000
House 619,10208,Northridge,7,1996,Vinyl Siding,1264,Y,2344,265000
House 620,9531,College Creek,6,1998,Vinyl Siding,794,Y,1796,211000
House 621,10918,Crawford,7,1926,Metal Siding,1276,Y,2080,234000
House 622,10800,Old Town,4,1900,Metal Siding,0,N,1294,106250
House 623,11988,North Ames,6,1957,Vinyl Siding,1244,Y,1244,150000
House 624,5000,Brookside,6,1947,Cement Board,1004,Y,1664,159000
House 625,40094,Edwards,10,2007,Cement Board,3138,Y,4676,184750
House 626,11787,Northridge,7,1996,Vinyl Siding,1379,Y,2398,315750
House 627,7500,Somerset,7,2005,Vinyl Siding,1257,Y,1266,176000
House 628,13300,North Ames,5,1956,Wood Siding,928,Y,928,132000
House 629,14948,Northridge Heights,9,2008,Vinyl Siding,1452,Y,2713,446261
House 630,9098,Edwards,4,1920,Wood Siding,528,Y,605,86000
House 631,32668,Crawford,6,1957,Wood Siding,2035,Y,2515,200624
House 632,10200,Timberland,6,1988,Hard Board,1461,Y,1509,175000
House 633,6155,Brookside,6,1920,Wood Siding,611,Y,1362,128000
House 634,7200,North Ames,5,1955,Vinyl Siding,0,Y,827,107500
House 635,5000,Brookside,1,1946,Vinyl Siding,0,N,334,39300
House 636,9056,Gilbert,8,2004,Vinyl Siding,707,Y,1414,178000
House 637,7000,Edwards,5,1910,Metal Siding,1117,Y,1347,107500
House 638,8924,College Creek,7,1998,Vinyl Siding,880,Y,1724,188000
House 639,12735,North Ames,4,1972,Metal Siding,864,Y,864,111250
House 640,11553,Sawyer,5,1968,Plywood,1051,Y,1159,158000
House 641,11423,College Creek,8,2001,Vinyl Siding,1581,Y,1601,272000
House 642,14601,Timberland,9,2006,Vinyl Siding,1838,Y,1838,315000
House 643,11000,Northridge,8,2000,Vinyl Siding,969,Y,2285,248000
House 644,10140,Northwest Ames,7,1998,Vinyl Siding,1650,Y,1680,213250
House 645,4058,North Ames,7,1998,Metal Siding,723,Y,767,133000
House 646,17104,Gilbert,7,2006,Vinyl Siding,654,Y,1496,179665
House 647,13837,Northwest Ames,7,1988,Hard Board,1204,Y,2183,229000
House 648,8737,Brookside,6,1923,Brick Face,1065,Y,1635,210000
House 649,7244,Mitchell,5,1970,Vinyl Siding,768,Y,768,129500
House 650,8235,Old Town,5,1955,Metal Siding,825,Y,825,125000
House 651,9375,Somerset,7,2003,Vinyl Siding,912,Y,2094,263000
House 652,4043,Northpark Villa,6,1977,Plywood,1069,Y,1069,140000
House 653,6000,Old Town,5,1957,Brick Face,928,Y,928,112500
House 654,11146,Northridge Heights,8,2006,Vinyl Siding,1709,Y,1717,255500
House 655,8777,Edwards,4,1949,Vinyl Siding,0,Y,1126,108000
House 656,10625,Northridge Heights,7,2003,Vinyl Siding,998,Y,2046,284000
House 657,6380,Brookside,5,1922,Metal Siding,993,Y,1048,113000
House 658,14850,North Ames,5,1957,Wood Siding,1092,Y,1092,141000
House 659,11040,Iowa DOT and Rail Road,4,1920,Metal Siding,637,Y,1336,108000
House 660,21872,Gilbert,7,1996,Hard Board,729,Y,1446,175000
House 661,3196,Bloomington Heights,7,2003,Vinyl Siding,1374,Y,1557,234000
House 662,11341,Sawyer,5,1957,Wood Siding,1392,Y,1392,121500
House 663,10010,Mitchell,5,1974,Hard Board,1389,Y,1389,170000
House 664,13907,Edwards,5,1940,Wood Shingles,996,Y,996,108000
House 665,21780,Edwards,6,1918,Wood Siding,1163,Y,1674,185000
House 666,13346,Northridge,7,1992,Hard Board,1095,Y,2295,268000
House 667,6858,South & West of Iowa State University,6,1915,Wood Siding,806,N,1647,128000
House 668,11198,Stone Brook,9,2005,Vinyl Siding,1122,Y,2504,325000
House 669,10171,Northridge Heights,7,2004,Vinyl Siding,1517,Y,1535,214000
House 670,12327,Sawyer West,8,1983,Wood Siding,1496,Y,2132,316600
House 671,7032,North Ames,5,1979,Metal Siding,943,Y,943,135960
House 672,13101,North Ames,5,1965,Hard Board,1728,Y,1728,142600
House 673,7332,North Ames,6,1959,Wood Shingles,864,Y,864,120000
House 674,13159,Timberland,7,2009,Vinyl Siding,846,Y,1692,224500
House 675,9967,Gilbert,7,2000,Vinyl Siding,384,Y,1430,170000
House 676,10500,North Ames,5,1971,Metal Siding,372,Y,1109,139000
House 677,8480,North Ames,5,1947,Metal Siding,832,Y,1216,118500
House 678,6292,South & West of Iowa State University,7,1928,Wood Siding,861,Y,1477,145000
House 679,11777,Sawyer,5,1966,Vinyl Siding,1164,Y,1320,164500
House 680,3604,Somerset,7,2007,Vinyl Siding,689,Y,1392,146000
House 681,12150,Old Town,5,1954,Metal Siding,1050,N,1795,131500
House 682,14585,North Ames,6,1960,Wood Siding,1144,Y,1429,181900
House 683,12704,Northridge Heights,8,2008,Vinyl Siding,2042,Y,2042,253293
House 684,11841,Edwards,6,1990,Hard Board,816,Y,816,118500
House 685,13500,Old Town,10,1893,Wood Siding,1237,Y,2775,325000
House 686,6120,Brookside,4,1935,Asbestos Shingles,884,Y,1573,133000
House 687,11443,Timberland,8,2005,Vinyl Siding,1868,Y,2028,369900
House 688,10267,Brookside,6,1918,Stucco,816,Y,838,130000
House 689,8740,Sawyer,5,1982,Hard Board,840,Y,860,137000
House 690,25095,Clear Creek,5,1968,Wood Siding,1437,Y,1473,143000
House 691,9100,Brookside,5,1930,Vinyl Siding,742,Y,935,79500
House 692,8320,College Creek,7,2004,Vinyl Siding,770,Y,1582,185900
House 693,13478,Northridge Heights,10,2008,Cement Board,1722,Y,2296,451950
House 694,6600,Mitchell,5,1982,Hard Board,816,Y,816,138000
House 695,4435,College Creek,6,2003,Vinyl Siding,848,Y,848,140000
House 696,7990,College Creek,5,1975,Hard Board,924,Y,924,110000
House 697,11302,Stone Brook,8,2005,Vinyl Siding,1814,Y,1826,319000
House 698,3600,Old Town,6,1910,Vinyl Siding,684,N,1368,114504
House 699,3922,Bloomington Heights,7,2006,Vinyl Siding,1258,Y,1402,194201
House 700,12984,Crawford,5,1977,Plywood,1430,Y,1647,217500
House 701,1950,Bluestem,6,1980,Metal Siding,716,Y,1556,151000
House 702,10927,Northridge Heights,8,2005,Vinyl Siding,1058,Y,1904,275000
House 703,9000,Iowa DOT and Rail Road,6,1937,Wood Siding,780,Y,1375,141000
House 704,10041,Sawyer West,8,1992,Hard Board,908,Y,1915,220000
House 705,3182,Somerset,7,2004,Metal Siding,600,Y,1200,151000
House 706,12803,College Creek,7,2002,Vinyl Siding,1494,Y,1494,221000
House 707,13600,North Ames,7,1965,Hard Board,768,Y,1986,205000
House 708,12464,College Creek,5,1996,Vinyl Siding,1040,Y,1040,152000
House 709,7800,Edwards,5,1948,Metal Siding,896,Y,2008,225000
House 710,12168,Crawford,8,1934,Brick Face,965,Y,3194,359100
House 711,7943,Sawyer,4,1961,Vinyl Siding,1029,Y,1029,118500
House 712,11050,College Creek,9,2000,Vinyl Siding,1440,Y,2153,313000
House 713,10395,Northwest Ames,6,1978,Hard Board,1032,Y,1032,148000
House 714,11885,College Creek,8,2001,Vinyl Siding,1299,Y,1872,261500
House 715,8402,Mitchell,5,2007,Vinyl Siding,1120,Y,1120,147000
House 716,1491,Meadow Village,4,1972,Cement Board,630,Y,630,75500
House 717,8800,North Ames,6,1963,Metal Siding,936,Y,1054,137500
House 718,7861,Gilbert,6,2002,Vinyl Siding,783,Y,1509,183200
House 719,7227,North Ames,6,1954,Metal Siding,832,Y,832,105500
House 720,11694,Northridge Heights,9,2007,Cement Board,1822,Y,1828,314813
House 721,12244,Timberland,8,2003,Vinyl Siding,1482,Y,2262,305000
House 722,8248,Edwards,3,1914,Stucco,864,N,864,67000
House 723,10800,Northwest Ames,6,1974,Hard Board,1522,Y,2614,240000
House 724,7064,Sawyer,5,1977,Plywood,980,Y,980,135000
House 725,2117,Somerset,6,2000,Metal Siding,756,Y,1512,168500
House 726,10400,Northwest Ames,6,1972,Vinyl Siding,732,Y,1790,165150
House 727,10000,North Ames,6,1962,Wood Siding,1116,Y,1116,160000
House 728,12342,North Ames,5,1960,Wood Siding,978,Y,1422,139900
House 729,9600,North Ames,6,1955,Asbestos Shingles,1156,Y,1520,153000
House 730,11606,North Ames,5,1969,Plywood,1040,Y,2080,135000
House 731,9020,North Ames,6,1964,Plywood,1248,Y,1350,168500
House 732,9000,Old Town,5,1880,Vinyl Siding,636,Y,1750,124000
House 733,4590,Northridge Heights,8,2006,Vinyl Siding,1554,Y,1554,209500
House 734,11900,Northwest Ames,7,1977,Plywood,1386,Y,1411,82500
House 735,9250,North Ames,5,1954,Wood Siding,1056,Y,1056,139400
House 736,6979,Old Town,6,1980,Plywood,1056,Y,1056,144000
House 737,10896,South & West of Iowa State University,6,1914,Vinyl Siding,1440,Y,3395,200000
House 738,6120,Brookside,2,1936,Asbestos Shingles,264,N,800,60000
House 739,6000,Old Town,5,1954,Wood Siding,811,Y,1387,93000
House 740,8777,Edwards,5,1910,Metal Siding,796,Y,796,85000
House 741,3982,Bloomington Heights,8,2006,Vinyl Siding,1520,Y,1567,264561
House 742,12677,Northridge Heights,8,2003,Metal Siding,1518,Y,1518,274000
House 743,7050,Somerset,7,2001,Vinyl Siding,1057,Y,1929,226000
House 744,13860,North Ames,8,1972,Plywood,1952,Y,2704,345000
House 745,10793,Northwest Ames,5,1969,Wood Shingles,780,Y,1620,152000
House 746,9187,Somerset,9,2009,Cement Board,1766,Y,1766,370878
House 747,10530,North Ames,6,1971,Plywood,981,Y,981,143250
House 748,7200,North Ames,5,1950,Metal Siding,0,Y,1048,98300
House 749,10452,Edwards,6,1953,Wood Siding,1094,Y,1094,155000
House 750,7700,North Ames,6,1966,Metal Siding,756,Y,1839,155000
House 751,1936,Meadow Village,4,1970,Cement Board,630,Y,630,84500
House 752,8125,Somerset,7,2007,Cement Board,813,Y,1665,205950
House 753,9084,Edwards,4,1940,Metal Siding,755,Y,1510,108000
House 754,8750,College Creek,7,1996,Vinyl Siding,880,Y,1716,191000
House 755,10320,Iowa DOT and Rail Road,6,1906,Metal Siding,756,Y,1469,135000
House 756,10437,Northridge,8,1995,Metal Siding,2109,Y,2113,350000
House 757,1680,Briardale,6,1971,Hard Board,525,Y,1092,88000
House 758,10007,North Ames,5,1959,Hard Board,1053,Y,1053,145500
House 759,7200,Crawford,7,1931,Stucco,776,Y,1502,149000
House 760,17503,North Ames,6,1948,Vinyl Siding,912,Y,1458,97500
House 761,9937,Edwards,5,1964,Metal Siding,1486,Y,1486,167000
House 762,12384,Northwest Ames,7,1976,Plywood,793,Y,1935,197900
House 763,46589,Northridge,8,1994,Vinyl Siding,1629,Y,2448,402000
House 764,13560,North Ames,6,1968,Wood Siding,1392,Y,1392,110000
House 765,10012,Edwards,4,1972,Plywood,1138,Y,1181,137500
House 766,20896,Somerset,8,2005,Vinyl Siding,2077,Y,2097,423000
House 767,11194,Gilbert,8,2000,Vinyl Siding,1406,Y,1936,230500
House 768,18450,North Ames,6,1965,Plywood,1021,Y,2380,129000
House 769,8125,Sawyer West,6,1994,Hard Board,1408,Y,1679,193500
House 770,14175,Sawyer,5,1956,Cement Board,1188,Y,1437,168000
House 771,11600,Crawford,4,1922,Metal Siding,700,Y,1180,137500
House 772,8633,College Creek,6,2005,Vinyl Siding,738,Y,1476,173500
House 773,6629,Edwards,6,1925,Wood Siding,672,N,1369,103600
House 774,11250,Veenker,6,1977,Plywood,1208,Y,1208,165000
House 775,14442,Crawford,6,1957,Cement Board,1477,Y,1839,257500
House 776,9200,North Ames,6,1965,Hard Board,1136,Y,1136,140000
House 777,2289,Northpark Villa,6,1978,Plywood,855,Y,1441,148500
House 778,9600,Old Town,4,1900,Asbestos Shingles,1095,N,1774,87000
House 779,9022,Old Town,5,1924,Vinyl Siding,768,Y,792,109500
House 780,11844,Stone Brook,8,2008,Vinyl Siding,2046,Y,2046,372500
House 781,9945,Sawyer,5,1961,Wood Siding,988,Y,988,128500
House 782,8012,Sawyer West,6,1980,Plywood,923,Y,923,143000
House 783,4500,South & West of Iowa State University,5,1932,Vinyl Siding,793,Y,1520,159434
House 784,2887,Clear Creek,6,1996,Wood Siding,1291,Y,1291,173000
House 785,11248,College Creek,9,2002,Vinyl Siding,1626,Y,1668,285000
House 786,16770,Northridge,7,1998,Vinyl Siding,1195,Y,1839,221000
House 787,5062,Stone Brook,7,1984,Hard Board,1190,Y,2090,207500
House 788,10207,Somerset,7,2007,Vinyl Siding,874,Y,1761,227875
House 789,5105,Somerset,7,2004,Metal Siding,551,Y,1102,148800
House 790,8089,Stone Brook,8,2007,Metal Siding,1419,Y,1419,392000
House 791,7577,Northridge Heights,6,2005,Vinyl Siding,1362,Y,1362,194700
House 792,4426,College Creek,6,2004,Vinyl Siding,848,Y,848,141000
House 793,21535,Northridge,10,1994,Hard Board,2444,Y,4316,755000
House 794,26178,Timberland,7,1989,Metal Siding,1210,Y,2519,335000
House 795,5400,Old Town,5,1921,Metal Siding,1073,Y,1073,108480
House 796,6120,Brookside,5,1936,Wood Siding,927,Y,1539,141500
House 797,13811,Timberland,6,1987,Hard Board,1112,Y,1137,176000
House 798,6000,Brookside,5,1921,Wood Siding,616,Y,616,89000
House 799,6420,Edwards,5,1952,Wood Siding,980,Y,1148,123500
House 800,8450,Sawyer,5,1965,Metal Siding,894,Y,894,138500
House 801,4282,Somerset,7,2004,Metal Siding,1391,Y,1391,196000
House 802,14331,Timberland,8,2002,Vinyl Siding,1800,Y,1800,312500
House 803,9600,Northwest Ames,7,1969,Hard Board,1164,Y,1164,140000
House 804,12438,Stone Brook,8,2006,Vinyl Siding,1234,Y,2576,361919
House 805,7630,Old Town,5,1900,Wood Siding,360,Y,1812,140000
House 806,8400,College Creek,7,2004,Vinyl Siding,1473,Y,1484,213000
House 807,5600,Iowa DOT and Rail Road,4,1930,Vinyl Siding,0,N,1092,55000
House 808,115149,Clear Creek,7,1971,Plywood,1643,Y,1824,302000
House 809,6240,Northridge Heights,8,2006,Metal Siding,1324,Y,1324,254000
House 810,9018,Gilbert,7,2007,Vinyl Siding,728,Y,1456,179540
House 811,7162,Sawyer,5,1966,Hard Board,876,Y,904,109900
House 812,4130,Brookside,3,1935,Vinyl Siding,270,Y,729,52000
House 813,8712,Iowa DOT and Rail Road,4,1900,Metal Siding,859,Y,1178,102776
House 814,4671,Stone Brook,8,1988,Hard Board,1228,Y,1228,189000
House 815,9873,Brookside,4,1970,Hard Board,960,N,960,129000
House 816,13517,Sawyer,6,1976,Hard Board,725,Y,1479,130500
House 817,10140,Northwest Ames,6,1974,Hard Board,1064,Y,1350,165000
House 818,10800,Old Town,7,1890,Wood Siding,718,Y,2554,159500
House 819,10000,Northwest Ames,5,1973,Hard Board,1176,Y,1178,157000
House 820,10542,Northridge,7,1993,Wood Siding,1311,Y,2418,341000
House 821,9920,College Creek,5,1969,Hard Board,971,Y,971,128500
House 822,6563,Stone Brook,8,1985,Hard Board,1742,Y,1742,275000
House 823,4426,College Creek,6,2004,Vinyl Siding,848,Y,848,143000
House 824,8120,North Ames,4,1970,Metal Siding,864,Y,864,124500
House 825,8172,Edwards,4,1954,Metal Siding,941,Y,1470,135000
House 826,13286,Edwards,9,2007,Cement Board,1698,Y,1698,320000
House 827,6960,North Ames,4,1970,Hard Board,864,Y,864,120500
House 828,21695,Crawford,6,1988,Wood Siding,880,Y,1680,222000
House 829,7314,College Creek,7,2007,Vinyl Siding,1232,Y,1232,194500
House 830,11475,North Ames,5,1958,Vinyl Siding,1584,Y,1776,110000
House 831,6240,Iowa DOT and Rail Road,4,1925,Metal Siding,780,Y,1208,103000
House 832,5389,Stone Brook,8,1995,Cement Board,1595,Y,1616,236500
House 833,9590,Timberland,7,2003,Vinyl Siding,868,Y,1146,187500
House 834,11404,College Creek,7,1998,Vinyl Siding,1153,Y,2031,222500
House 835,10000,Sawyer,5,1961,Hard Board,864,Y,1144,131400
House 836,8978,Sawyer,5,1968,Plywood,948,Y,948,108000
House 837,10800,Old Town,7,1914,Wood Siding,880,N,1768,163000
House 838,8544,North Ames,3,1950,Stucco,0,N,1040,93500
House 839,10463,Gilbert,8,2005,Vinyl Siding,893,Y,1801,239900
House 840,10800,Edwards,5,1987,Plywood,1200,Y,1200,179000
House 841,9313,College Creek,7,2004,Vinyl Siding,864,Y,1728,190000
House 842,9600,Old Town,5,1910,Wood Siding,264,Y,1432,132000
House 843,6768,Sawyer,6,1961,Hard Board,912,Y,912,142000
House 844,8450,Sawyer West,7,2000,Vinyl Siding,1349,Y,1349,179000
House 845,12886,Sawyer,5,1963,Hard Board,520,Y,1464,175000
House 846,5395,Stone Brook,8,1993,Hard Board,1337,Y,1337,180000
House 847,8963,Northwest Ames,8,1976,Vinyl Siding,1142,Y,2715,299800
House 848,8795,Gilbert,7,2000,Vinyl Siding,952,Y,2256,236000
House 849,11700,Old Town,7,1880,Stucco,1240,N,2640,265979
House 850,10593,Northridge,7,1996,Vinyl Siding,1720,Y,1720,260400
House 851,8405,Edwards,4,1945,Wood Shingles,0,N,1529,98000
House 852,8800,Old Town,4,1910,Wood Siding,576,Y,1140,96500
House 853,7750,Gilbert,7,2003,Vinyl Siding,660,Y,1320,162000
House 854,9236,College Creek,6,1997,Vinyl Siding,1479,Y,1494,217000
House 855,10240,Northridge Heights,8,2005,Vinyl Siding,1030,Y,2098,275500
House 856,7930,North Ames,6,1969,Plywood,1026,Y,1026,156000
House 857,3230,Somerset,6,1999,Metal Siding,729,Y,1471,172500
House 858,10769,College Creek,8,2007,Vinyl Siding,866,Y,1768,212000
House 859,11616,Sawyer,6,1978,Hard Board,672,Y,1386,158900
House 860,2280,Somerset,7,1999,Metal Siding,744,Y,1501,179400
House 861,12257,Northridge,8,1995,Vinyl Siding,1318,Y,2531,290000
House 862,9100,North Ames,6,1959,Wood Siding,864,Y,864,127500
House 863,6911,Brookside,5,1924,Wood Siding,1145,Y,1301,100000
House 864,8640,Somerset,7,2009,Vinyl Siding,756,Y,1547,215200
House 865,9430,Northridge,8,1999,Vinyl Siding,1252,Y,2365,337000
House 866,9549,Veenker,8,1995,Brick Face,1494,Y,1494,270000
House 867,14587,Somerset,9,2008,Vinyl Siding,1498,Y,1506,264132
House 868,10421,Northwest Ames,7,1988,Hard Board,980,Y,1714,196500
House 869,12508,Mitchell,6,1940,Vinyl Siding,983,Y,1750,160000
House 870,9100,College Creek,7,2004,Vinyl Siding,1860,Y,1836,216837
House 871,53504,Stone Brook,8,2003,Cement Board,1650,Y,3279,538000
House 872,7252,Sawyer,5,1982,Wood Siding,858,Y,858,134900
House 873,8877,Edwards,4,1951,Wood Siding,836,Y,1220,102000
House 874,7819,Edwards,6,1976,Plywood,1029,Y,1117,107000
House 875,10150,North Ames,5,1958,Wood Siding,912,Y,912,114500
House 876,14226,Northridge Heights,8,2006,Vinyl Siding,1935,Y,1973,395000
House 877,4500,Mitchell,6,1998,Vinyl Siding,1204,Y,1204,162000
House 878,11210,College Creek,7,2005,Vinyl Siding,1614,Y,1614,221500
House 879,13350,Sawyer,5,1974,Hard Board,864,Y,894,142500
House 880,8400,Sawyer West,5,1977,Plywood,0,Y,2020,144000
House 881,10530,Mitchell,6,1977,Plywood,975,Y,1004,135000
House 882,7875,Gilbert,7,1995,Hard Board,1237,Y,1253,176000
House 883,7153,Sawyer West,6,1992,Vinyl Siding,761,Y,1603,175900
House 884,16285,College Creek,7,2001,Vinyl Siding,1413,Y,1430,187100
House 885,9101,Mitchell,5,1978,Plywood,1097,Y,1110,165500
House 886,6300,Old Town,6,1914,Wood Siding,742,Y,1484,128000
House 887,9790,Northwest Ames,6,1967,Brick Face,1372,Y,1342,161500
House 888,10800,Old Town,5,1915,Metal Siding,686,Y,1652,139000
House 889,10142,Sawyer West,7,2004,Vinyl Siding,956,Y,2084,233000
House 890,6000,Old Town,4,1954,Metal Siding,901,Y,901,107900
House 891,12205,Clear Creek,6,1966,Hard Board,832,Y,2087,187500
House 892,3182,Bloomington Heights,7,2005,Vinyl Siding,1145,Y,1145,160200
House 893,11333,Mitchell,6,1976,Hard Board,1029,Y,1062,146800
House 894,9920,Northridge,7,1996,Metal Siding,1117,Y,2013,269790
House 895,9158,Somerset,8,2007,Cement Board,1496,Y,1496,225000
House 896,10832,Gilbert,7,1994,Metal Siding,712,Y,1895,194500
House 897,8400,Sawyer West,6,1980,Hard Board,650,Y,1564,171000
House 898,8197,Sawyer,6,1977,Plywood,660,Y,1285,143500
House 899,7677,North Ames,5,1953,Vinyl Siding,773,Y,773,110000
House 900,13518,Northridge Heights,9,2008,Vinyl Siding,1926,Y,3140,485000
House 901,7200,South & West of Iowa State University,5,1937,Wood Siding,731,Y,1768,175000
House 902,12798,Clear Creek,6,1997,Vinyl Siding,616,Y,1688,200000
House 903,4800,Iowa DOT and Rail Road,4,1916,Metal Siding,1196,Y,1196,109900
House 904,8199,College Creek,7,2005,Wood Shingles,728,Y,1456,189000
House 905,13891,Northridge Heights,9,2008,Vinyl Siding,1734,Y,2822,582933
House 906,9000,North Ames,5,1954,Wood Siding,936,Y,1128,118000
House 907,12274,Somerset,7,2008,Vinyl Siding,1417,Y,1428,227680
House 908,9750,North Ames,5,1967,Vinyl Siding,980,Y,980,135500
House 909,21384,Brookside,5,1923,Wood Siding,1324,Y,1576,223500
House 910,13400,North Ames,5,1966,Vinyl Siding,1024,Y,1086,159950
House 911,8100,Old Town,5,1898,Asbestos Shingles,849,N,2138,106000
House 912,10140,Northwest Ames,6,1974,Hard Board,1040,Y,1309,181000
House 913,4438,College Creek,6,2004,Vinyl Siding,848,Y,848,144500
House 914,8712,Iowa DOT and Rail Road,5,1952,Wood Siding,540,N,1044,55993
House 915,9750,North Ames,6,1958,Metal Siding,1442,Y,1442,157900
House 916,8248,Edwards,5,1918,Stucco,686,Y,1250,116000
House 917,12137,College Creek,7,1998,Vinyl Siding,1649,Y,1661,224900
House 918,11425,North Ames,5,1954,Brick Face,1008,Y,1008,137000
House 919,13265,Mitchell,8,2002,Cement Board,1568,Y,1689,271000
House 920,8816,Clear Creek,6,1971,Hard Board,1010,Y,1052,155000
House 921,6371,Northridge Heights,7,2009,Vinyl Siding,1358,Y,1358,224000
House 922,7226,College Creek,7,2003,Vinyl Siding,798,Y,1640,183000
House 923,6000,Old Town,4,1953,Metal Siding,936,N,936,93000
House 924,12394,Gilbert,7,2003,Vinyl Siding,847,Y,1733,225000
House 925,9900,South & West of Iowa State University,6,1940,Vinyl Siding,778,Y,1489,139500
House 926,11216,Somerset,8,2006,Vinyl Siding,1489,Y,1489,232600
House 927,14803,Northridge Heights,10,2007,Cement Board,2078,Y,2084,385000
House 928,6130,Brookside,5,1924,Metal Siding,784,Y,784,109500
House 929,8529,Sawyer West,7,2001,Vinyl Siding,1454,Y,1434,189000
House 930,28698,Clear Creek,5,1967,Plywood,1013,Y,2126,185000
House 931,2544,Somerset,7,2005,Metal Siding,600,Y,1223,147400
House 932,11900,North Ames,6,1957,Hard Board,1392,Y,1392,166000
House 933,3180,Somerset,7,2005,Metal Siding,600,Y,1200,151000
House 934,9548,College Creek,7,2003,Vinyl Siding,941,Y,1829,237000
House 935,10004,North Ames,6,1964,Hard Board,1516,Y,1516,167000
House 936,7875,North Ames,5,1961,Vinyl Siding,1144,Y,1144,139950
House 937,9600,Sawyer,4,1950,Vinyl Siding,1067,Y,1067,128000
House 938,8100,Old Town,5,1948,Vinyl Siding,1559,Y,1559,153500
House 939,1680,Briardale,6,1973,Hard Board,483,Y,987,100000
House 940,9525,College Creek,5,1995,Vinyl Siding,1099,Y,1099,144000
House 941,11767,Edwards,5,1946,Metal Siding,768,Y,1200,130500
House 942,12155,South & West of Iowa State University,6,1925,Wood Siding,672,N,1482,140000
House 943,10440,Old Town,5,1904,Metal Siding,650,Y,1539,157500
House 944,9020,North Ames,6,1966,Hard Board,1127,Y,1165,174900
House 945,8000,North Ames,5,1961,Brick Face,1800,N,1800,141000
House 946,12665,Old Town,5,1915,Wood Siding,876,Y,1416,153900
House 947,16647,Sawyer,5,1975,Hard Board,1390,Y,1701,171000
House 948,9317,Sawyer West,7,1993,Hard Board,740,Y,1775,213000
House 949,15523,College Creek,5,1972,Hard Board,864,Y,864,133500
House 950,45600,Clear Creek,6,1908,Wood Siding,907,Y,2358,240000
House 951,9600,Veenker,6,1976,Plywood,528,Y,1855,187000
House 952,4435,College Creek,6,2003,Vinyl Siding,848,Y,848,131500
House 953,3196,Bloomington Heights,8,2003,Vinyl Siding,1273,Y,1456,215000
House 954,7128,Crawford,7,1941,Metal Siding,918,Y,1646,164000
House 955,12095,North Ames,6,1964,Metal Siding,1127,Y,1445,158000
House 956,17920,Sawyer,5,1955,Wood Siding,1763,Y,1779,170000
House 957,6897,Sawyer,5,1962,Hard Board,1040,Y,1040,127000
House 958,10970,College Creek,6,1978,Plywood,940,Y,1026,147000
House 959,8125,Gilbert,6,1994,Hard Board,702,Y,1481,174000
House 960,10400,Northwest Ames,7,1976,Hard Board,1090,Y,1370,152000
House 961,11029,Northwest Ames,6,1968,Hard Board,1054,Y,2654,250000
House 962,7642,Crawford,7,1918,Wood Siding,912,Y,1426,189950
House 963,11625,Sawyer,5,1965,Plywood,1039,Y,1039,131500
House 964,9672,Sawyer West,6,1984,Hard Board,1040,Y,1097,152000
House 965,7931,North Ames,5,1959,Brick Face,1148,Y,1148,132500
House 966,8640,Somerset,7,2007,Vinyl Siding,1372,Y,1372,250580
House 967,8750,North Ames,5,1970,Metal Siding,1002,Y,1002,148500
House 968,10656,Timberland,8,2006,Vinyl Siding,1638,Y,1646,248900
House 969,6970,Sawyer,4,1961,Vinyl Siding,1040,Y,1120,129000
House 970,14762,Gilbert,5,1948,Plywood,0,Y,2320,169000
House 971,9938,Sawyer West,7,1993,Metal Siding,1050,Y,1949,236000
House 972,6600,North Ames,5,1962,Metal Siding,894,N,894,109500
House 973,8750,College Creek,6,1998,Vinyl Siding,804,Y,1682,200500
House 974,8892,North Ames,5,1953,Wood Shingles,105,Y,910,116000
House 975,12144,North Ames,5,1949,Hard Board,832,Y,1268,133000
House 976,5720,Old Town,5,1941,Wood Siding,676,Y,1131,66500
House 977,9000,Somerset,8,2007,Cement Board,1184,Y,2610,303477
House 978,25286,Mitchell,4,1963,Hard Board,1064,Y,1040,132250
House 979,8834,Northridge Heights,9,2004,Vinyl Siding,1462,Y,2224,350000
House 980,11782,Sawyer,5,1961,Hard Board,1109,Y,1155,148000
House 981,7000,College Creek,5,1978,Vinyl Siding,864,Y,864,136500
House 982,7024,Edwards,5,2005,Vinyl Siding,1090,Y,1090,157000
House 983,13758,Timberland,7,1990,Hard Board,1156,Y,1717,187500
House 984,9636,Gilbert,6,1992,Vinyl Siding,808,Y,1593,178000
House 985,6204,South & West of Iowa State University,4,1912,Wood Siding,795,N,2230,118500
House 986,7150,North Ames,5,1967,Hard Board,892,Y,892,100000
House 987,5119,Somerset,9,1999,Metal Siding,1698,Y,1709,328900
House 988,8393,North Ames,5,1959,Metal Siding,1626,Y,1712,145000
House 989,16466,Edwards,5,1955,Metal Siding,816,Y,1393,135500
House 990,15865,North Ames,8,1970,Wood Siding,2217,Y,2217,268000
House 991,12160,North Ames,6,1953,Wood Siding,1505,Y,1505,149500
House 992,8064,North Ames,5,1949,Metal Siding,672,Y,924,122900
House 993,11184,Sawyer,6,1978,Hard Board,918,Y,1683,172500
House 994,8414,Sawyer,6,1963,Hard Board,1059,Y,1068,154500
House 995,13284,Sawyer,5,1954,Wood Siding,1383,Y,1383,165000
House 996,7018,Sawyer West,5,1979,Plywood,0,Y,1535,118858
House 997,7056,North Ames,6,1963,Hard Board,780,Y,1796,140000
House 998,8765,Iowa DOT and Rail Road,4,1936,Wood Siding,951,N,951,106500
House 999,7018,Sawyer West,5,1979,Plywood,0,Y,2240,142953
House 1000,12919,Northridge Heights,9,2009,Vinyl Siding,2330,Y,2364,611657
House 1001,6993,Sawyer,5,1961,Hard Board,912,Y,1236,135000
House 1002,7340,North Ames,4,1971,Hard Board,858,Y,858,110000
House 1003,8712,North Ames,5,1957,Metal Siding,992,Y,1306,153000
House 1004,7875,Gilbert,7,2003,Vinyl Siding,783,Y,1509,180000
House 1005,14859,Gilbert,7,2006,Vinyl Siding,1670,Y,1670,240000
House 1006,6173,Sawyer,5,1967,Hard Board,876,Y,902,125500
House 1007,9920,North Ames,5,1954,Hard Board,1056,Y,1063,128000
House 1008,13501,Somerset,8,2006,Vinyl Siding,1623,Y,1636,255000
House 1009,11500,Crawford,7,1936,Brick Face,1017,Y,2057,250000
House 1010,8885,Mitchell,5,1983,Hard Board,864,Y,902,131000
House 1011,12589,Gilbert,6,2005,Vinyl Siding,742,Y,1484,174000
House 1012,11600,North Ames,5,1960,Metal Siding,1105,Y,2274,154300
House 1013,9286,College Creek,5,1977,Hard Board,1268,Y,1268,143500
House 1014,6120,Brookside,5,1925,Metal Siding,768,N,1015,88000
House 1015,6270,Crawford,5,1949,Metal Siding,1001,N,2002,145000
House 1016,3000,Somerset,6,2009,Vinyl Siding,612,Y,1224,173733
House 1017,2001,Meadow Village,4,1970,Cement Board,546,Y,1092,75000
House 1018,9000,Iowa DOT and Rail Road,2,1949,Asbestos Shingles,480,N,480,35311
House 1019,17140,Edwards,4,1956,Vinyl Siding,1134,Y,1229,135000
House 1020,13125,Sawyer West,7,1991,Hard Board,1104,Y,2127,238000
House 1021,11029,North Ames,6,1958,Metal Siding,1184,Y,1414,176500
House 1022,8462,Sawyer West,6,1994,Hard Board,928,Y,1721,201000
House 1023,8777,Edwards,5,1900,Metal Siding,1272,Y,2200,145900
House 1024,10237,Gilbert,6,2005,Vinyl Siding,1316,Y,1316,169990
House 1025,8012,Sawyer West,6,1993,Plywood,1604,Y,1617,193000
House 1026,10240,Northwest Ames,6,1980,Plywood,1686,Y,1686,207500
House 1027,15611,Northwest Ames,5,1977,Vinyl Siding,1126,Y,1126,175000
House 1028,11999,Northridge Heights,8,2003,Vinyl Siding,1181,Y,2374,285000
House 1029,9900,Northwest Ames,7,1968,Metal Siding,832,Y,1978,176000
House 1030,11838,College Creek,8,2001,Vinyl Siding,1753,Y,1788,236500
House 1031,13006,Gilbert,7,1997,Hard Board,964,Y,2236,222000
House 1032,8925,Timberland,8,2007,Vinyl Siding,1466,Y,1466,201000
House 1033,9100,North Ames,5,1965,Vinyl Siding,925,Y,925,117500
House 1034,11670,Somerset,9,2006,Vinyl Siding,1905,Y,1905,320000
House 1035,8487,College Creek,7,2004,Vinyl Siding,1500,Y,1500,190000
House 1036,27650,North Ames,7,1960,Wood Siding,585,Y,2069,242000
House 1037,5825,Brookside,4,1926,Metal Siding,600,Y,747,79900
House 1038,10083,Sawyer West,7,2003,Vinyl Siding,1176,Y,1200,184900
House 1039,9675,Somerset,7,2005,Vinyl Siding,1113,Y,1971,253000
House 1040,8760,College Creek,7,2006,Vinyl Siding,1391,Y,1962,239799
House 1041,24090,Clear Creek,7,1940,Metal Siding,1032,Y,2403,244400
House 1042,12640,Mitchell,6,1976,Plywood,1728,Y,1728,150900
House 1043,8755,Gilbert,7,1999,Vinyl Siding,992,Y,2060,214000
House 1044,7711,Edwards,4,1977,Metal Siding,1440,Y,1440,150000
House 1045,25000,Mitchell,5,1967,Hard Board,1632,Y,1632,143000
House 1046,14375,Timberland,6,1958,Hard Board,819,Y,1344,137500
House 1047,8820,Old Town,5,1890,Vinyl Siding,1088,Y,1869,124900
House 1048,8163,North Ames,5,1959,Hard Board,1144,Y,1144,143000
House 1049,14536,Timberland,8,2002,Vinyl Siding,1616,Y,1629,270000
House 1050,14006,College Creek,7,2002,Vinyl Siding,936,Y,1776,192500
House 1051,9360,Northwest Ames,6,1972,Plywood,1161,Y,1381,197500
House 1052,7200,North Ames,5,1950,Vinyl Siding,864,Y,864,129000
House 1053,7800,Sawyer West,5,1965,Vinyl Siding,828,Y,965,119900
House 1054,7200,College Creek,5,1972,Wood Shingles,768,Y,768,133900
House 1055,11075,Mitchell,5,1969,Hard Board,784,Y,1968,172000
House 1056,9400,Edwards,6,1975,Wood Shingles,945,Y,980,127500
House 1057,7136,Crawford,6,1946,Metal Siding,979,N,1958,145000
House 1058,1300,Bluestem,6,1980,Metal Siding,561,Y,1229,124000
House 1059,7420,Sawyer,5,1962,Metal Siding,1057,Y,1057,132000
House 1060,8450,College Creek,7,2003,Vinyl Siding,1337,Y,1337,185000
House 1061,2572,Somerset,7,1999,Metal Siding,696,Y,1416,155000
House 1062,7207,Brookside,5,1958,Wood Siding,858,Y,858,116500
House 1063,12227,Northwest Ames,6,1977,Hard Board,1330,Y,2872,272000
House 1064,2308,Northpark Villa,6,1976,Plywood,804,Y,1548,155000
House 1065,11923,College Creek,9,2007,Vinyl Siding,1800,Y,1800,239000
House 1066,11316,Timberland,7,2002,Vinyl Siding,817,Y,1894,214900
House 1067,10237,Gilbert,6,2005,Vinyl Siding,783,Y,1484,178900
House 1068,9600,Crawford,5,1940,Metal Siding,728,Y,1308,160000
House 1069,7390,North Ames,5,1955,Wood Siding,1098,Y,1098,135000
House 1070,5925,Old Town,3,1910,Vinyl Siding,600,N,968,37900
House 1071,10382,North Ames,6,1958,Hard Board,588,Y,1095,140000
House 1072,10800,North Ames,4,1949,Asbestos Shingles,720,N,1192,135000
House 1073,2268,Northridge Heights,7,2003,Vinyl Siding,764,Y,1626,173000
House 1074,7892,Sawyer West,6,1979,Plywood,918,Y,918,99500
House 1075,11639,Somerset,7,2007,Cement Board,1428,Y,1428,182000
House 1076,11414,Brookside,7,1910,Hard Board,728,N,2019,167500
House 1077,2651,Somerset,7,2000,Metal Siding,673,Y,1382,165000
House 1078,5900,Brookside,4,1923,Wood Siding,440,Y,869,85500
House 1079,4274,Somerset,7,2006,Vinyl Siding,1241,Y,1241,199900
House 1080,9450,Edwards,4,1954,Metal Siding,894,Y,894,110000
House 1081,8816,Sawyer,5,1963,Vinyl Siding,1121,Y,1121,139000
House 1082,12122,North Ames,7,1961,Cement Board,944,Y,999,178400
House 1083,12203,Northridge,8,1998,Vinyl Siding,1225,Y,2612,336000
House 1084,3182,Bloomington Heights,7,2007,Vinyl Siding,1266,Y,1266,159895
House 1085,11250,College Creek,8,2002,Cement Board,1128,Y,2290,255900
House 1086,10125,Mitchell,5,1977,Plywood,0,Y,1734,126000
House 1087,10880,Edwards,5,1950,Metal Siding,1164,N,1164,125000
House 1088,5310,Old Town,6,1910,Vinyl Siding,485,Y,1635,117000
House 1089,10159,Northridge Heights,9,2009,Vinyl Siding,1930,Y,1940,395192
House 1090,12046,Northwest Ames,6,1976,Plywood,848,Y,2030,195000
House 1091,8125,Somerset,7,2006,Vinyl Siding,770,Y,1576,197000
House 1092,9452,Northridge,8,1997,Vinyl Siding,1396,Y,2392,348000
House 1093,17671,Old Town,8,1882,Wood Siding,916,Y,1742,168000
House 1094,9760,North Ames,6,1964,Wood Siding,822,Y,1851,187000
House 1095,8846,College Creek,6,2005,Vinyl Siding,750,Y,1500,173900
House 1096,12456,Northridge Heights,10,2006,Cement Board,1700,Y,1718,337500
House 1097,4712,Brookside,4,1946,Metal Siding,747,Y,1230,121600
House 1098,10659,North Ames,5,1961,Wood Siding,1050,Y,1050,136500
House 1099,11717,Northwest Ames,6,1970,Hard Board,1442,Y,1442,185000
House 1100,9786,Iowa DOT and Rail Road,3,1922,Wood Siding,1007,N,1077,91000
House 1101,6762,College Creek,7,2006,Vinyl Siding,1187,Y,1208,206000
House 1102,10206,Edwards,3,1952,Brick,0,N,944,82000
House 1103,5400,Old Town,5,1920,Wood Siding,691,Y,691,86000
House 1104,11957,Somerset,8,2006,Vinyl Siding,1574,Y,1574,232000
House 1105,11500,Northwest Ames,5,1976,Vinyl Siding,1680,Y,1680,136905
House 1106,3182,Bloomington Heights,7,2005,Vinyl Siding,1346,Y,1504,181000
House 1107,8385,College Creek,5,1977,Hard Board,985,Y,985,149900
House 1108,12155,North Ames,6,1970,Plywood,1657,Y,1657,163500
House 1109,2217,Meadow Village,4,1970,Cement Board,546,Y,1092,88000
House 1110,12118,Mitchell,7,2004,Vinyl Siding,1710,Y,1710,240000
House 1111,6000,South & West of Iowa State University,5,1926,Wood Siding,1008,Y,1522,102000
House 1112,21286,Sawyer,5,1948,Wood Siding,720,Y,1271,135000
House 1113,9825,Edwards,5,1965,Asphalt Shingles,0,N,1664,100000
House 1114,10592,Crawford,6,1923,Wood Siding,602,Y,1502,165000
House 1115,7200,Old Town,5,1910,Metal Siding,1022,N,1022,85000
House 1116,11664,North Ames,6,1948,Metal Siding,1082,Y,1082,119200
House 1117,8400,Northwest Ames,8,2001,Vinyl Siding,810,Y,1665,227000
House 1118,11883,College Creek,7,1996,Vinyl Siding,1504,Y,1504,203000
House 1119,5814,Stone Brook,8,1984,Hard Board,1220,Y,1360,187500
House 1120,10784,Gilbert,7,1991,Hard Board,384,Y,1472,160000
House 1121,3013,Bloomington Heights,7,2005,Vinyl Siding,1362,Y,1506,213490
House 1122,7024,Edwards,4,2005,Vinyl Siding,1132,Y,1132,176000
House 1123,7406,College Creek,7,2006,Vinyl Siding,1199,Y,1220,194000
House 1124,9439,Old Town,5,1930,Wood Siding,912,Y,1248,87000
House 1125,3182,Bloomington Heights,7,2005,Vinyl Siding,1346,Y,1504,191000
House 1126,15498,Timberland,8,1976,Stone,1565,Y,2898,287000
House 1127,7700,College Creek,5,1972,Vinyl Siding,882,Y,882,112500
House 1128,9300,North Ames,5,1960,Metal Siding,1268,Y,1264,167500
House 1129,9520,Timberland,8,2007,Vinyl Siding,1638,Y,1646,293077
House 1130,9492,North Ames,5,1941,Wood Shingles,768,Y,1376,105000
House 1131,1680,Briardale,6,1972,Hard Board,672,Y,1218,118000
House 1132,7082,South & West of Iowa State University,5,1916,Vinyl Siding,686,Y,1928,160000
House 1133,15863,South & West of Iowa State University,7,1920,Wood Siding,824,Y,3082,197000
House 1134,14541,Northridge,8,1993,Metal Siding,1338,Y,2520,310000
House 1135,8125,College Creek,7,2002,Vinyl Siding,1654,Y,1654,230000
House 1136,6305,Crawford,5,1938,Metal Siding,920,Y,954,119750
House 1137,11500,Edwards,4,1957,Wood Siding,0,N,845,84000
House 1138,12898,Timberland,9,2007,Vinyl Siding,1620,Y,1620,315500
House 1139,9240,College Creek,8,2001,Vinyl Siding,1055,Y,2263,287000
House 1140,1533,Meadow Village,4,1970,Cement Board,546,Y,1344,97000
House 1141,1477,Meadow Village,4,1970,Cement Board,630,Y,630,80000
House 1142,13125,Sawyer,5,1957,Wood Siding,1134,Y,1803,155000
House 1143,9130,Northwest Ames,6,1966,Hard Board,800,Y,1632,173000
House 1144,5381,Northridge Heights,6,2005,Vinyl Siding,1306,Y,1306,196000
House 1145,11839,Sawyer West,7,1990,Hard Board,1475,Y,2329,262280
House 1146,9600,Northwest Ames,8,1981,Brick Face,2524,Y,2524,278000
House 1147,13680,Edwards,3,1955,Brick Face,0,Y,1733,139600
House 1148,16056,Stone Brook,9,2005,Cement Board,1992,Y,2868,556581
House 1149,9245,College Creek,5,1994,Vinyl Siding,990,Y,990,145000
House 1150,21750,Mitchell,5,1960,Hard Board,0,Y,1771,115000
House 1151,11100,Edwards,4,1946,Metal Siding,0,Y,930,84900
House 1152,8993,Gilbert,7,2007,Vinyl Siding,1302,Y,1302,176485
House 1153,11175,College Creek,7,2007,Vinyl Siding,1316,Y,1316,200141
House 1154,9500,North Ames,6,1964,Vinyl Siding,816,Y,1977,165000
House 1155,8562,Edwards,5,1957,Hard Board,1216,Y,1526,144500
House 1156,11367,College Creek,8,2002,Vinyl Siding,1065,Y,1989,255000
House 1157,11361,Northwest Ames,6,1976,Plywood,1193,Y,1523,180000
House 1158,7052,Northridge Heights,7,2005,Vinyl Siding,1364,Y,1364,185850
House 1159,29959,Northridge,7,1994,Hard Board,973,Y,1850,248000
House 1160,11308,Northridge Heights,9,2008,Vinyl Siding,1104,Y,2184,335000
House 1161,11275,Crawford,6,1932,Metal Siding,854,Y,1991,220000
House 1162,4920,Stone Brook,8,2001,Cement Board,1338,Y,1338,213500
House 1163,18000,Iowa DOT and Rail Road,3,1935,Metal Siding,894,Y,894,81000
House 1164,13600,Old Town,5,1900,Wood Siding,662,N,2337,90000
House 1165,6000,Old Town,6,1925,Metal Siding,1103,Y,1103,110500
House 1166,11000,North Ames,5,1966,Plywood,1154,Y,1154,154000
House 1167,14000,Clear Creek,7,1996,Wood Siding,1306,Y,2260,328000
House 1168,7837,Gilbert,6,1993,Vinyl Siding,799,Y,1571,178000
House 1169,9760,North Ames,6,1964,Hard Board,780,Y,1611,167900
House 1170,3964,Meadow Village,6,1973,Cement Board,942,Y,2521,151400
House 1171,9600,North Ames,5,1949,Metal Siding,845,Y,893,135000
House 1172,10152,North Ames,5,1956,Metal Siding,1048,Y,1048,135000
House 1173,11700,Northwest Ames,6,1968,Metal Siding,727,Y,1556,154000
House 1174,7585,Edwards,5,1948,Metal Siding,810,Y,1456,91500
House 1175,7950,Edwards,6,1977,Hard Board,690,Y,1426,159500
House 1176,8556,College Creek,7,2006,Vinyl Siding,1240,Y,1240,194000
House 1177,13125,Crawford,7,1940,Wood Siding,800,Y,1740,219500
House 1178,10800,Old Town,5,1936,Wood Siding,796,Y,1466,170000
House 1179,15870,North Ames,5,1969,Vinyl Siding,1096,Y,1096,138800
House 1180,4435,College Creek,6,2004,Vinyl Siding,848,Y,848,155900
House 1181,8775,College Creek,5,1994,Vinyl Siding,990,Y,990,126000
House 1182,11040,Northwest Ames,6,1971,Vinyl Siding,1258,Y,1258,145000
House 1183,7500,Sawyer,5,1963,Hard Board,1040,Y,1040,133000
House 1184,8749,College Creek,7,2002,Vinyl Siding,1459,Y,1459,192000
House 1185,8800,North Ames,6,1964,Hard Board,1251,Y,1251,160000
House 1186,13031,Gilbert,6,1995,Hard Board,691,Y,1498,187500
House 1187,9069,Sawyer West,6,1992,Hard Board,936,Y,996,147000
House 1188,1974,Meadow Village,4,1973,Cement Board,546,Y,1092,83500
House 1189,10574,Somerset,8,2005,Vinyl Siding,1082,Y,1953,252000
House 1190,2522,Edwards,7,2004,Vinyl Siding,970,Y,1709,137500
House 1191,3316,Somerset,8,2005,Metal Siding,1247,Y,1247,197000
House 1192,8544,North Ames,3,1950,Brick Face,0,N,1040,92900
House 1193,2160,Somerset,7,1999,Metal Siding,600,Y,1252,160000
House 1194,8400,South & West of Iowa State University,6,1925,Metal Siding,1181,Y,1694,136500
House 1195,9230,North Ames,5,1965,Metal Siding,864,Y,1200,146000
House 1196,5868,North Ames,5,1956,Metal Siding,936,Y,936,129000
House 1197,9317,College Creek,6,2006,Vinyl Siding,1314,Y,1314,176432
House 1198,6882,Iowa DOT and Rail Road,6,1914,Wood Siding,684,Y,1355,127000
House 1199,3696,Stone Brook,8,1986,Hard Board,1074,Y,1088,170000
House 1200,6000,Brookside,4,1936,Metal Siding,672,Y,1324,128000
House 1201,11880,Northwest Ames,7,1978,Plywood,1271,Y,1601,157000
House 1202,8400,South & West of Iowa State University,2,1920,Wood Siding,290,N,438,60000
House 1203,9758,North Ames,5,1971,Hard Board,950,Y,950,119500
House 1204,7000,North Ames,5,1960,Wood Siding,1010,Y,1134,135000
House 1205,8910,North Ames,6,1959,Brick Face,655,Y,1194,159500
House 1206,2016,Briardale,5,1970,Hard Board,630,Y,1302,106000
House 1207,12256,Northridge,8,1994,Hard Board,1463,Y,2622,325000
House 1208,10357,Sawyer West,7,1990,Hard Board,910,Y,1442,179900
House 1209,23257,Gilbert,7,2006,Vinyl Siding,868,Y,2021,274725
House 1210,8063,Gilbert,6,2000,Vinyl Siding,924,Y,1690,181000
House 1211,11362,Northridge Heights,8,2004,Metal Siding,1836,Y,1836,280000
House 1212,8000,Gilbert,6,1995,Hard Board,773,Y,1658,188000
House 1213,10480,Northwest Ames,7,1976,Plywood,803,Y,1964,205000
House 1214,7100,North Ames,5,1957,Wood Shingles,816,Y,816,129900
House 1215,8923,North Ames,5,1953,Wood Siding,1008,Y,1008,134500
House 1216,5400,Old Town,5,1954,Metal Siding,833,Y,833,117000
House 1217,12085,Northridge Heights,8,2007,Vinyl Siding,1734,Y,1734,318000
House 1218,7750,Gilbert,8,2002,Vinyl Siding,408,Y,1419,184100
House 1219,9764,Sawyer,5,1967,Vinyl Siding,894,Y,894,130000
House 1220,13825,Sawyer,5,1958,Metal Siding,533,Y,1601,140000
House 1221,7560,North Ames,5,1959,Brick Face,1040,Y,1040,133700
House 1222,8263,Iowa DOT and Rail Road,6,1920,Brick Face,1012,Y,1012,118400
House 1223,10084,College Creek,7,2005,Vinyl Siding,1552,Y,1552,212900
House 1224,8926,Edwards,4,1956,Asbestos Shingles,672,Y,960,112000
House 1225,9405,Edwards,5,1947,Vinyl Siding,698,Y,698,118000
House 1226,9125,Gilbert,7,1992,Hard Board,384,Y,1482,163900
House 1227,10434,North Ames,4,1955,Plywood,1005,Y,1005,115000
House 1228,3684,Bloomington Heights,7,2007,Vinyl Siding,1373,Y,1555,174000
House 1229,14572,Gilbert,7,2004,Vinyl Siding,1530,Y,1530,259000
House 1230,11796,Gilbert,7,2004,Vinyl Siding,847,Y,1959,215000
House 1231,7200,Old Town,5,1980,Metal Siding,936,Y,936,140000
House 1232,7804,South & West of Iowa State University,4,1928,Wood Shingles,1122,Y,1981,135000
House 1233,10712,Mitchell,5,1991,Hard Board,974,Y,974,93500
House 1234,9900,Old Town,6,1880,Wood Siding,1008,Y,2210,117500
House 1235,9828,Sawyer West,8,1995,Vinyl Siding,1128,Y,2020,239500
House 1236,8773,Gilbert,6,1997,Vinyl Siding,916,Y,1600,169000
House 1237,6180,Brookside,6,1926,Wood Siding,960,N,986,102000
House 1238,9600,North Ames,6,1950,Vinyl Siding,1032,Y,1252,119000
House 1239,6342,Sawyer,5,1875,Vinyl Siding,780,N,1020,94000
House 1240,9819,Mitchell,6,1977,Plywood,1567,Y,1567,196000
House 1241,8731,Brookside,5,1920,Stucco,915,Y,1167,144000
House 1242,7350,North Ames,5,1951,Hard Board,952,Y,952,139000
House 1243,10304,Northwest Ames,5,1976,Plywood,780,Y,1868,197500
House 1244,9965,College Creek,8,2006,Vinyl Siding,1466,Y,2828,424870
House 1245,9000,Sawyer,5,1959,Wood Siding,1006,Y,1006,80000
House 1246,12180,Edwards,4,1941,Metal Siding,672,N,924,80000
House 1247,6240,Brookside,5,1928,Metal Siding,1042,Y,1576,149000
House 1248,11200,Sawyer West,6,1985,Wood Siding,1298,Y,1298,180000
House 1249,12000,Crawford,7,1941,Metal Siding,704,Y,1564,174500
House 1250,5700,Old Town,7,1926,Wood Siding,572,Y,1111,116900
House 1251,9000,Old Town,7,1920,Vinyl Siding,650,Y,1482,143000
House 1252,8280,North Ames,6,1950,Brick Face,932,Y,932,124000
House 1253,17755,Edwards,5,1959,Hard Board,1466,Y,1466,149900
House 1254,14115,Crawford,6,1956,Stone,1073,Y,1811,230000
House 1255,5890,Iowa DOT and Rail Road,6,1930,Wood Siding,816,Y,816,120500
House 1256,13700,North Ames,7,1965,Vinyl Siding,864,Y,1820,201800
House 1257,10768,Veenker,5,1976,Plywood,1437,Y,1437,218000
House 1258,9350,North Ames,5,1965,Brick Face,1219,Y,1265,179900
House 1259,5001,Northridge Heights,7,2007,Vinyl Siding,1314,Y,1314,230000
House 1260,11932,Somerset,8,2007,Vinyl Siding,1580,Y,1580,235128
House 1261,9120,Northwest Ames,6,1974,Hard Board,901,Y,1876,185000
House 1262,2280,Northpark Villa,6,1978,Plywood,855,Y,1456,146000
House 1263,14778,Crawford,6,1954,Hard Board,1296,Y,1640,224000
House 1264,8724,Sawyer,5,1968,Vinyl Siding,894,Y,894,129000
House 1265,12900,Sawyer,4,1969,Plywood,1198,Y,1258,108959
House 1266,16157,Veenker,5,1978,Plywood,1360,Y,1432,194000
House 1267,9541,Northridge Heights,7,2009,Vinyl Siding,1502,Y,1502,233170
House 1268,10475,College Creek,8,2008,Vinyl Siding,1694,Y,1694,245350
House 1269,10852,Gilbert,6,2000,Vinyl Siding,959,Y,1671,173000
House 1270,13728,Edwards,6,1935,Stucco,1127,Y,2108,235000
House 1271,35760,Northridge,10,1995,Hard Board,1930,Y,3627,625000
House 1272,9880,Mitchell,6,1977,Plywood,1096,Y,1118,171000
House 1273,9120,North Ames,6,1958,Metal Siding,1261,Y,1261,163000
House 1274,4017,Somerset,7,2006,Metal Siding,625,Y,1250,171900
House 1275,18030,Clear Creek,5,1946,Metal Siding,1598,Y,3086,200500
House 1276,16560,Crawford,6,1932,Wood Siding,952,Y,2345,239000
House 1277,10678,Northridge,8,1992,Hard Board,1683,Y,2872,285000
House 1278,6951,Mitchell,5,1984,Hard Board,876,Y,923,119500
House 1279,3950,Old Town,6,1926,Metal Siding,818,Y,1224,115000
House 1280,7681,Crawford,5,1921,Wood Siding,731,Y,1343,154900
House 1281,8335,Edwards,5,1954,Wood Siding,0,Y,1124,93000
House 1282,11170,Timberland,7,1990,Metal Siding,1216,Y,2514,250000
House 1283,5587,Crawford,8,2008,Cement Board,1600,Y,1652,392500
House 1284,15623,Northridge,10,1996,Wood Siding,2396,Y,4476,745000
House 1285,10800,Old Town,5,1920,Stucco,1120,Y,1130,120000
House 1286,35133,Timberland,5,1963,Metal Siding,1572,Y,1572,186700
House 1287,9738,Edwards,5,1924,Asbestos Shingles,784,Y,1221,104900
House 1288,10615,Old Town,3,1900,Hard Board,978,Y,1699,95000
House 1289,12461,Northridge,8,1994,Imitation Stucco,1624,Y,1624,262000
House 1290,8935,College Creek,7,2002,Vinyl Siding,831,Y,1660,195000
House 1291,7500,Gilbert,7,1999,Vinyl Siding,994,Y,1804,189000
House 1292,32463,Mitchell,4,1961,Metal Siding,1249,Y,1622,168000
House 1293,2645,Somerset,8,1999,Metal Siding,776,Y,1441,174000
House 1294,9600,Old Town,5,1925,Vinyl Siding,702,Y,1472,125000
House 1295,4500,Mitchell,6,1999,Vinyl Siding,1224,Y,1224,165000
House 1296,9364,Sawyer,6,1969,Hard Board,663,Y,1352,158000
House 1297,8029,Gilbert,6,2005,Vinyl Siding,728,Y,1456,176000
House 1298,14054,Gilbert,7,2006,Vinyl Siding,879,Y,1863,219210
House 1299,8850,Old Town,7,1916,Metal Siding,815,Y,1690,144000
House 1300,9100,College Creek,7,2001,Vinyl Siding,1212,Y,1212,178000
House 1301,11235,Sawyer,4,1963,Hard Board,1051,Y,1382,148000
House 1302,9353,North Ames,4,1970,Metal Siding,864,Y,864,116050
House 1303,10400,College Creek,7,1998,Vinyl Siding,866,Y,1779,197900
House 1304,6000,Brookside,5,1925,Wood Siding,884,Y,1348,117000
House 1305,9750,College Creek,7,2000,Vinyl Siding,1630,Y,1630,213000
House 1306,10140,Northwest Ames,5,1975,Hard Board,1056,Y,1074,153500
House 1307,14684,Sawyer West,7,1990,Hard Board,2158,Y,2196,271900
House 1308,8900,Sawyer West,4,1966,Hard Board,1056,Y,1056,107000
House 1309,9135,College Creek,6,2003,Vinyl Siding,1682,Y,1700,200000
House 1310,7763,North Ames,5,1962,Metal Siding,931,Y,1283,140000
House 1311,10182,Somerset,8,2006,Vinyl Siding,1660,Y,1660,290000
House 1312,11218,Sawyer West,6,1992,Wood Siding,1055,Y,1845,189000
House 1313,12134,Gilbert,8,1988,Wood Siding,559,Y,1752,164000
House 1314,9340,Edwards,4,1941,Metal Siding,672,Y,672,113000
House 1315,10246,Sawyer,4,1965,Vinyl Siding,648,Y,960,145000
House 1316,10205,North Ames,5,1962,Metal Siding,925,Y,999,134500
House 1317,7094,Sawyer,5,1966,Vinyl Siding,894,Y,894,125000
House 1318,8930,Sawyer,6,1978,Vinyl Siding,0,Y,1902,112000
House 1319,8640,Somerset,8,2009,Cement Board,1300,Y,1314,229456
House 1320,6240,Brookside,4,1947,Asbestos Shingles,0,N,912,80500
House 1321,1680,Briardale,6,1971,Cement Board,672,Y,1218,91500
House 1322,7800,North Ames,5,1964,Wood Siding,912,Y,912,115000
House 1323,8250,Sawyer,5,1968,Hard Board,952,Y,1211,134000
House 1324,10496,North Ames,6,1949,Wood Siding,1040,Y,1846,143000
House 1325,10680,North Ames,5,1951,Wood Siding,2136,N,2136,137900
House 1326,15384,Gilbert,7,2004,Vinyl Siding,788,Y,1490,184000
House 1327,10482,North Ames,6,1958,Vinyl Siding,588,Y,1138,145000
House 1328,14598,Somerset,6,2007,Vinyl Siding,894,Y,1933,214000
House 1329,8872,North Ames,5,1965,Vinyl Siding,912,Y,912,147000
House 1330,8769,Northridge Heights,9,2008,Metal Siding,1702,Y,1702,367294
House 1331,7910,North Ames,5,1960,Brick Face,1075,Y,1507,127000
House 1332,18890,Sawyer,5,1977,Plywood,1361,Y,2620,190000
House 1333,7728,North Ames,5,1962,Wood Siding,1106,Y,1190,132500
House 1334,9842,North Ames,4,1962,Hard Board,0,Y,1224,101800
House 1335,12160,North Ames,5,1959,Plywood,1188,Y,1188,142000
House 1336,8525,South & West of Iowa State University,5,1911,Metal Siding,940,N,1964,130000
House 1337,13132,Crawford,5,1914,Wood Siding,747,Y,1784,138887
House 1338,2628,Northridge Heights,7,2003,Vinyl Siding,764,Y,1626,175500
House 1339,12393,College Creek,7,2004,Vinyl Siding,847,Y,1948,195000
House 1340,13072,Sawyer West,6,2005,Vinyl Siding,1141,Y,1141,142500
House 1341,9037,Timberland,8,2006,Vinyl Siding,1476,Y,1484,265900
House 1342,8158,College Creek,7,2003,Vinyl Siding,884,Y,1768,224900
House 1343,9849,Somerset,7,2007,Vinyl Siding,1689,Y,1689,248328
House 1344,10625,Northwest Ames,7,1974,Plywood,1053,Y,1173,170000
House 1345,13891,Northridge Heights,10,2006,Vinyl Siding,2076,Y,2076,465000
House 1346,11435,Crawford,8,1929,Brick Face,792,Y,1517,230000
House 1347,12090,Northwest Ames,6,1984,Vinyl Siding,585,Y,1868,178000
House 1348,8125,Somerset,7,2005,Vinyl Siding,756,Y,1553,186500
House 1349,12328,Mitchell,6,1976,Hard Board,1012,Y,1034,169900
House 1350,9600,Old Town,6,1917,Asbestos Shingles,735,N,2058,129500
House 1351,7200,North Ames,5,1950,Metal Siding,876,Y,988,119000
House 1352,11160,North Ames,7,1968,Brick Face,2110,Y,2110,244000
House 1353,3136,Northridge Heights,7,2003,Vinyl Siding,1405,Y,1405,171750
House 1354,9858,Mitchell,5,1968,Hard Board,864,Y,874,130000
House 1355,17542,Veenker,7,1974,Wood Siding,1192,Y,2167,294000
House 1356,6931,Edwards,7,2003,Vinyl Siding,746,Y,1656,165400
House 1357,6240,Brookside,6,1931,Wood Siding,884,Y,1367,127500
House 1358,14303,Northridge,8,1994,Hard Board,1986,Y,1987,301500
House 1359,4060,Edwards,5,1922,Wood Siding,864,Y,864,99900
House 1360,9587,Gilbert,7,2005,Vinyl Siding,856,Y,1166,190000
House 1361,9750,North Ames,6,1969,Hard Board,1054,Y,1054,151000
House 1362,24682,Gilbert,6,1999,Vinyl Siding,841,Y,1675,181000
House 1363,9600,North Ames,5,1956,Metal Siding,1050,Y,1050,128900
House 1364,11250,Clear Creek,4,1957,Wood Siding,1104,Y,1788,161500
House 1365,13515,Brookside,6,1919,Wood Siding,764,Y,1824,180500
House 1366,4060,North Ames,6,1998,Metal Siding,1405,Y,1337,181000
House 1367,3735,Somerset,7,1999,Metal Siding,691,Y,1452,183900
House 1368,10120,Old Town,7,1910,Wood Siding,925,N,1889,122000
House 1369,13214,Timberland,9,2008,Stucco,2002,Y,2018,378500
House 1370,14100,Crawford,8,1935,Stucco,728,Y,3447,381000
House 1371,11344,North Ames,5,1958,Metal Siding,874,Y,1524,144000
House 1372,23595,Clear Creek,7,1979,Plywood,1332,Y,1524,260000
House 1373,9156,Northwest Ames,6,1968,Brick Face,1489,Y,1489,185750
House 1374,13526,Sawyer,5,1965,Hard Board,935,Y,935,137000
House 1375,11512,Edwards,6,1959,Plywood,1019,Y,1357,177000
House 1376,5362,Crawford,5,1910,Wood Siding,661,Y,1250,139000
House 1377,11345,North Ames,5,1948,Asbestos Shingles,928,Y,1920,137000
House 1378,12936,Northwest Ames,6,1972,Hard Board,723,Y,1395,162000
House 1379,17871,Northwest Ames,6,1967,Hard Board,1680,Y,1724,197900
House 1380,9473,College Creek,8,2002,Vinyl Siding,1128,Y,2031,237000
House 1381,7500,Iowa DOT and Rail Road,4,1920,Metal Siding,698,Y,1128,68400
House 1382,9808,College Creek,7,2002,Vinyl Siding,1573,Y,1573,227000
House 1383,8049,Timberland,7,1990,Hard Board,1309,Y,1339,180000
House 1384,8800,College Creek,5,1977,Hard Board,1040,Y,1040,150500
House 1385,9400,Mitchell,6,1971,Metal Siding,912,Y,1824,139000
House 1386,9638,South & West of Iowa State University,6,1919,Wood Siding,804,Y,2447,169000
House 1387,6000,Brookside,6,1939,Metal Siding,780,Y,1412,132500
House 1388,9790,Northwest Ames,6,1963,Hard Board,1328,Y,1328,143000
House 1389,36500,Clear Creek,5,1964,Wood Siding,1624,Y,1582,190000
House 1390,5664,Stone Brook,8,2000,Cement Board,1501,Y,1659,278000
House 1391,11065,Northridge Heights,8,2006,Vinyl Siding,1085,Y,1970,281000
House 1392,14112,North Ames,5,1964,Wood Siding,1152,Y,1152,180500
House 1393,1680,Briardale,5,1972,Cement Board,630,Y,1302,119500
House 1394,6600,Old Town,5,1892,Wood Siding,994,N,2372,107500
House 1395,10140,Northwest Ames,7,1976,Hard Board,832,Y,1664,162900
House 1396,8172,Edwards,5,1955,Wood Shingles,864,Y,864,115000
House 1397,8400,North Ames,5,1968,Hard Board,1052,Y,1052,138500
House 1398,8700,North Ames,5,1963,Metal Siding,1120,Y,1128,155000
House 1399,3675,Edwards,6,2005,Vinyl Siding,547,Y,1072,140000
House 1400,63887,Edwards,10,2008,Stucco,6110,Y,5642,160000
House 1401,7500,North Ames,5,1959,Brick Face,1246,Y,1246,154000
House 1402,10762,Gilbert,7,1999,Vinyl Siding,978,Y,1983,225000
House 1403,7500,Crawford,6,1942,Wood Siding,771,Y,1494,177500
House 1404,10120,Northridge,8,1994,Vinyl Siding,1165,Y,2526,290000
House 1405,8688,Somerset,7,2005,Vinyl Siding,1616,Y,1616,232000
House 1406,3363,Edwards,7,2004,Vinyl Siding,976,Y,1708,130000
House 1407,13173,Northridge Heights,9,2006,Vinyl Siding,1652,Y,1652,325000
House 1408,6955,Northridge Heights,7,2005,Vinyl Siding,1368,Y,1368,202500
House 1409,8072,College Creek,5,1994,Vinyl Siding,990,Y,990,138000
House 1410,12000,Old Town,5,1948,Metal Siding,924,Y,1122,147000
House 1411,7153,Sawyer West,6,1991,Hard Board,1278,Y,1294,179200
House 1412,17500,Crawford,7,1959,Brick Face,1902,Y,1902,335000
House 1413,8814,College Creek,7,2005,Vinyl Siding,1274,Y,1274,203000
House 1414,9572,Northridge,8,1990,Wood Siding,1453,Y,2810,302000
House 1415,14774,Northridge,9,1999,Vinyl Siding,1393,Y,2599,333168
House 1416,8190,Edwards,4,1954,Wood Siding,948,Y,948,119000
House 1417,11075,North Ames,6,1969,Hard Board,952,Y,2112,206900
House 1418,10226,College Creek,8,2008,Vinyl Siding,1622,Y,1630,295493
House 1419,4230,Somerset,7,2006,Vinyl Siding,1352,Y,1352,208900
House 1420,14781,College Creek,8,2001,Vinyl Siding,1753,Y,1787,275000
House 1421,10215,Edwards,4,1954,Wood Siding,864,Y,948,111000
House 1422,8400,North Ames,6,1957,Brick Face,1478,Y,1478,156500
House 1423,6627,Brookside,3,1949,Vinyl Siding,0,N,720,72500
House 1424,10186,Northridge,7,1992,Hard Board,750,Y,1923,190000
House 1425,5330,Brookside,4,1940,Vinyl Siding,420,Y,708,82500
House 1426,9986,Somerset,8,2006,Vinyl Siding,1795,Y,1795,147000
House 1427,3636,Iowa DOT and Rail Road,4,1922,Asbestos Shingles,796,N,796,55000
House 1428,4270,Edwards,3,1931,Metal Siding,544,Y,774,79000
House 1429,6600,Mitchell,5,1982,Vinyl Siding,816,Y,816,130500
House 1430,10440,Old Town,6,1920,Brick Face,1510,Y,2792,256000
House 1431,9084,Gilbert,7,1998,Vinyl Siding,935,Y,1632,176500
House 1432,10000,Somerset,8,2006,Vinyl Siding,1588,Y,1588,227000
House 1433,10780,College Creek,5,1976,Metal Siding,911,Y,954,132500
House 1434,8877,Edwards,4,1938,Metal Siding,816,Y,816,100000
House 1435,7200,Iowa DOT and Rail Road,5,1938,Wood Siding,803,Y,1360,125500
House 1436,2368,Briardale,5,1970,Hard Board,765,Y,1365,125000
House 1437,9650,Northwest Ames,6,1977,Plywood,1350,Y,1334,167900
House 1438,9246,Northwest Ames,5,1973,Plywood,1656,Y,1656,135000
House 1439,4118,Old Town,4,1941,Wood Siding,693,N,693,52500
House 1440,13450,College Creek,7,2002,Vinyl Siding,916,Y,1861,200000
House 1441,9560,College Creek,5,1972,Metal Siding,864,Y,864,128500
House 1442,8294,North Ames,4,1971,Metal Siding,858,Y,872,123000
House 1443,13695,Sawyer West,6,2003,Vinyl Siding,1114,Y,1114,155000
House 1444,9375,College Creek,8,2002,Vinyl Siding,1284,Y,2169,228500
House 1445,7558,Crawford,6,1928,Brick Face,896,Y,1913,177000
House 1446,11103,College Creek,7,2006,Vinyl Siding,728,Y,1456,155835
House 1447,6000,Old Town,4,1920,Metal Siding,960,Y,960,108500
House 1448,20781,Northwest Ames,7,1968,Brick Face,1568,Y,2156,262500
House 1449,15306,Timberland,8,2006,Vinyl Siding,1732,Y,1776,283463
House 1450,16196,Sawyer West,7,1998,Vinyl Siding,1482,Y,1494,215000
House 1451,5250,Old Town,8,1872,Metal Siding,684,N,2358,122000
House 1452,11643,North Ames,5,1969,Metal Siding,1248,Y,2634,200000
House 1453,9247,North Ames,6,1962,Hard Board,858,Y,1716,171000
House 1454,6000,Brookside,6,1937,Metal Siding,698,Y,1176,134900
House 1455,14720,Northridge,8,1995,Vinyl Siding,2033,Y,3238,410000
House 1456,10316,College Creek,7,2000,Vinyl Siding,992,Y,1865,235000
House 1457,10192,Northwest Ames,7,1968,Metal Siding,570,Y,1920,170000
House 1458,9477,North Ames,5,1966,Hard Board,864,Y,892,110000
House 1459,12537,North Ames,5,1971,Vinyl Siding,1078,Y,1078,149900
House 1460,2117,Somerset,6,2000,Metal Siding,756,Y,1573,177500
House 1461,16737,Northridge Heights,9,2004,Vinyl Siding,1980,Y,1980,315000
House 1462,9842,South & West of Iowa State University,5,1921,Metal Siding,612,Y,2601,189000
House 1463,16158,Stone Brook,7,2005,Vinyl Siding,1530,Y,1530,260000
House 1464,12513,North Ames,4,1920,Vinyl Siding,715,Y,1738,104900
House 1465,8499,Gilbert,6,2006,Vinyl Siding,616,Y,1412,156932
House 1466,3180,Somerset,7,2005,Metal Siding,600,Y,1200,144152
House 1467,7500,Somerset,7,2000,Vinyl Siding,814,Y,1674,216000
House 1468,9179,College Creek,7,1999,Vinyl Siding,873,Y,1790,193000
House 1469,2665,Meadow Village,5,1977,Cement Board,757,Y,1475,127000
House 1470,4435,College Creek,6,2003,Vinyl Siding,848,Y,848,144000
House 1471,10635,College Creek,8,2003,Vinyl Siding,1657,Y,1668,232000
House 1472,5400,Old Town,4,1920,Cinder Block,840,Y,1374,105000
House 1473,9600,North Ames,6,1955,Asbestos Shingles,992,Y,1661,165500
House 1474,9750,College Creek,7,1998,Vinyl Siding,1108,Y,2097,274300
House 1475,11400,Northridge,10,2001,Vinyl Siding,2633,Y,2633,466500
House 1476,10625,Somerset,7,2005,Cement Board,1026,Y,1958,250000
House 1477,10991,Timberland,8,2007,Vinyl Siding,1571,Y,1571,239000
House 1478,6292,South & West of Iowa State University,6,1930,Wood Siding,768,N,790,91000
House 1479,10998,Edwards,5,1941,Wood Siding,984,Y,1604,117000
House 1480,1953,Briardale,6,1973,Hard Board,483,Y,987,83000
House 1481,9735,Timberland,5,2006,Vinyl Siding,384,Y,1394,167500
House 1482,8212,Edwards,3,1914,Stucco,864,N,864,58500
House 1483,12925,North Ames,6,1970,Brick Face,1205,Y,2117,237500
House 1484,7200,Old Town,7,1920,Wood Siding,596,Y,1762,157000
House 1485,25339,Sawyer,5,1918,Wood Siding,816,Y,1416,112000
House 1486,9060,Edwards,6,1939,Wood Shingles,560,Y,1258,105000
House 1487,5436,Iowa DOT and Rail Road,4,1922,Vinyl Siding,796,Y,1154,125500
House 1488,16692,Northwest Ames,7,1978,Plywood,1392,Y,2784,250000
House 1489,8520,Old Town,6,1916,Stucco,714,N,2526,136000
House 1490,14892,Gilbert,9,2006,Vinyl Siding,1746,Y,1746,377500
House 1491,6000,Brookside,6,1941,Wood Siding,735,Y,1218,131000
House 1492,9100,College Creek,7,2000,Vinyl Siding,1525,Y,1525,235000
House 1493,8944,North Ames,5,1967,Plywood,1584,Y,1584,124000
House 1494,7838,North Ames,5,1967,Hard Board,864,Y,900,123000
House 1495,10800,Old Town,6,1905,Wood Siding,482,N,1912,163000
House 1496,4045,Bloomington Heights,7,2006,Vinyl Siding,1356,Y,1500,246578
House 1497,12665,Timberland,8,2005,Vinyl Siding,1094,Y,2482,281213
House 1498,57200,Timberland,5,1948,Wood Siding,747,Y,1687,160000
House 1499,6120,Brookside,5,1920,Metal Siding,939,Y,1513,137500
House 1500,7200,North Ames,5,1950,Vinyl Siding,1208,Y,1904,138000
House 1501,6171,South & West of Iowa State University,6,1925,Wood Shingles,976,Y,1608,137450
House 1502,6000,Brookside,6,1929,Wood Shingles,862,Y,1158,120000
House 1503,7415,Gilbert,6,2004,Vinyl Siding,839,Y,1593,193000
House 1504,6762,College Creek,7,2006,Vinyl Siding,1286,Y,1294,193879
House 1505,15256,Somerset,8,2007,Vinyl Siding,1485,Y,1464,282922
House 1506,10410,Old Town,3,1915,Wood Siding,672,Y,1214,105000
House 1507,3842,Crawford,8,2004,Cement Board,1594,Y,1646,275000
House 1508,8445,College Creek,5,1972,Hard Board,768,Y,768,133000
House 1509,8780,Mitchell,5,1985,Hard Board,833,Y,833,112000
House 1510,7740,Old Town,4,1910,Vinyl Siding,622,Y,1363,125500
House 1511,20544,Northwest Ames,7,1986,Plywood,791,Y,2093,215000
House 1512,12420,College Creek,7,2001,Vinyl Siding,944,Y,1840,230000
House 1513,9600,North Ames,6,1950,Vinyl Siding,856,Y,1668,140000
House 1514,7200,North Ames,4,1949,Brick Face,0,N,1040,90000
House 1515,10994,Sawyer West,8,2005,Vinyl Siding,1844,Y,1844,257000
House 1516,13053,Brookside,6,1923,Wood Siding,833,Y,1848,207000
House 1517,3635,Bloomington Heights,7,2007,Vinyl Siding,1386,Y,1569,175900
House 1518,11340,Old Town,4,1885,Vinyl Siding,777,Y,2290,122500
House 1519,16545,Northridge,8,1998,Vinyl Siding,1284,Y,2450,340000
House 1520,9204,North Ames,5,1963,Hard Board,1144,Y,1144,124000
House 1521,16381,Crawford,6,1969,Plywood,1844,Y,1844,223000
House 1522,11700,Northwest Ames,6,1968,Hard Board,708,Y,1416,179900
House 1523,4043,Northpark Villa,6,1977,Plywood,1069,Y,1069,127500
House 1524,4435,College Creek,6,2003,Vinyl Siding,848,Y,848,136500
House 1525,19690,Edwards,6,1966,Plywood,697,Y,2201,274970
House 1526,9503,North Ames,5,1958,Hard Board,1024,Y,1344,144000
House 1527,10721,North Ames,6,1959,Hard Board,1252,Y,1252,142000
House 1528,10944,Northridge,7,1994,Vinyl Siding,1223,Y,2127,271000
House 1529,10930,North Ames,5,1945,Metal Siding,913,Y,1558,140000
House 1530,7200,Old Town,5,1940,Metal Siding,788,Y,804,119000
House 1531,12546,Northwest Ames,6,1981,Metal Siding,1440,Y,1440,182900
House 1532,21930,Gilbert,5,2005,Vinyl Siding,732,Y,1838,192140
House 1533,4928,Northpark Villa,6,1976,Plywood,958,Y,958,143750
House 1534,10800,Old Town,4,1927,Wood Siding,656,Y,968,64500
House 1535,10261,Gilbert,6,2000,Vinyl Siding,936,Y,1792,186500
House 1536,17400,Mitchell,5,1977,Brick Face,1126,Y,1126,160000
House 1537,8400,North Ames,6,1962,Wood Siding,1319,Y,1537,174000
House 1538,9000,North Ames,4,1971,Hard Board,864,Y,864,120500
House 1539,12444,Northridge Heights,8,2008,Vinyl Siding,1932,Y,1932,394617
House 1540,7407,Old Town,6,1957,Metal Siding,912,Y,1236,149700
House 1541,11584,Northwest Ames,7,1979,Hard Board,539,Y,1725,197000
House 1542,11526,Crawford,6,1922,Metal Siding,588,Y,2555,191000
House 1543,4426,College Creek,6,2004,Vinyl Siding,848,Y,848,149300
House 1544,11003,Somerset,10,2008,Vinyl Siding,1017,Y,2007,310000
House 1545,8854,Brookside,6,1916,Wood Siding,952,N,952,121000
House 1546,8500,College Creek,7,2004,Vinyl Siding,1422,Y,1422,179600
House 1547,8400,Sawyer,6,1966,Vinyl Siding,814,Y,913,129000
House 1548,26142,Mitchell,5,1962,Hard Board,1188,Y,1188,157900
House 1549,10000,College Creek,8,1995,Vinyl Siding,1220,Y,2090,240000
House 1550,11767,Edwards,4,1910,Metal Siding,560,N,1346,112000
House 1551,1533,Meadow Village,5,1970,Cement Board,630,Y,630,92000
House 1552,9000,North Ames,5,1974,Vinyl Siding,896,Y,1792,136000
House 1553,9262,Somerset,8,2008,Cement Board,1573,Y,1578,287090
House 1554,3675,Edwards,5,2005,Vinyl Siding,547,Y,1072,145000
House 1555,17217,Mitchell,5,2006,Vinyl Siding,1140,Y,1140,84500
House 1556,7500,Somerset,7,2004,Vinyl Siding,1221,Y,1221,185000
House 1557,7917,Gilbert,6,1999,Vinyl Siding,953,Y,1647,175000
House 1558,13175,Northwest Ames,6,1978,Plywood,1542,Y,2073,210000
House 1559,9042,Crawford,7,1941,Cement Board,1152,Y,2340,266500
House 1560,9717,North Ames,5,1950,Metal Siding,1078,Y,1078,142125
